Unic Identifier,Database,Gene,Species,TaxID,Last update,Sequence version
UPI000005D636,UniProtKB/TrEMBL,,Mammuthus primigenius,37349,2023-06-28,1
UPI0000086E61,UniProtKB/TrEMBL,IRBP,Mammuthus primigenius,37349,2023-06-28,1
UPI0000086FF2,UniProtKB/TrEMBL,A2AB,Mammuthus primigenius,37349,2023-06-28,1
UPI0000088238,UniProtKB/TrEMBL,VWF,Mammuthus primigenius,37349,2023-06-28,1
UPI0000128A36,UniProtKB/Swiss-Prot,MT,Mammuthus primigenius,37349,2023-06-28,3
UPI000016D5A9,EMBL,CYTB,Mammuthus primigenius,37349,2022-10-31,1
UPI000016D68D,EMBL,,Mammuthus primigenius,37349,2022-10-31,1
UPI000016D6CC,EMBL,CYTOCHROME,Mammuthus primigenius,37349,2022-10-31,1
UPI00003FF725,UniProtKB/TrEMBL,,Mammuthus primigenius,37349,2023-06-28,1
UPI00003FF72A,UniProtKB/TrEMBL,,Mammuthus primigenius,37349,2023-06-28,1
UPI00005CA242,UniProtKB/Swiss-Prot,MT,Mammuthus primigenius,37349,2023-06-28,1
UPI00005CA243,UniProtKB/Swiss-Prot,,Mammuthus primigenius,37349,2007-06-26,1
UPI00005CA244,UniProtKB/Swiss-Prot,MT,Mammuthus primigenius,37349,2023-06-28,1
UPI00005CA245,UniProtKB/Swiss-Prot,MT,Mammuthus primigenius,37349,2023-06-28,1
UPI00005CA246,UniProtKB/Swiss-Prot,MT,Mammuthus primigenius,37349,2023-06-28,1
UPI00005CA247,UniProtKB/Swiss-Prot,MT,Mammuthus primigenius,37349,2023-06-28,1
UPI00005CA248,RefSeq,,Mammuthus primigenius,37349,2006-02-24,1
UPI00005CA249,RefSeq,,Mammuthus primigenius,37349,2006-02-24,1
UPI00005CA24A,UniProtKB/Swiss-Prot,MT,Mammuthus primigenius,37349,2023-06-28,1
UPI00005CA24B,UniProtKB/Swiss-Prot,MT,Mammuthus primigenius,37349,2023-06-28,1
UPI00005CA24C,UniProtKB/Swiss-Prot,,Mammuthus primigenius,37349,2007-06-26,1
UPI00005CA24D,UniProtKB/Swiss-Prot,MT,Mammuthus primigenius,37349,2023-06-28,1
UPI0000695F04,UniProtKB/TrEMBL,ND1,Mammuthus primigenius,37349,2023-06-28,1
UPI0000695F05,UniProtKB/TrEMBL,ND2,Mammuthus primigenius,37349,2023-06-28,1
UPI0000695F06,EMBL,COX2,Mammuthus primigenius,37349,2022-10-31,1
UPI0000695F08,UniProtKB/Swiss-Prot,MT,Mammuthus primigenius,37349,2023-06-28,2
UPI0000695F0A,UniProtKB/TrEMBL,ND5,Mammuthus primigenius,37349,2023-06-28,1
UPI0000DB177D,UniProtKB/TrEMBL,LEPR,Mammuthus primigenius,37349,2023-06-28,1
UPI0000DB6942,UniProtKB/TrEMBL,,Mammuthus primigenius,37349,2023-06-28,1
UPI0000DB6943,UniProtKB/Swiss-Prot,MC1R,Mammuthus primigenius,37349,2023-06-28,1
UPI0000E6AD32,UniProtKB/Swiss-Prot,MT,Mammuthus primigenius,37349,2023-06-28,2
UPI0000E6AD33,UniProtKB/TrEMBL,ND3,Mammuthus primigenius,37349,2023-06-28,1
UPI0000E6AD34,UniProtKB/Swiss-Prot,MT,Mammuthus primigenius,37349,2023-06-28,2
UPI0001565F01,UniProtKB/TrEMBL,CYT,Mammuthus primigenius,37349,2023-06-28,1
UPI0001566005,UniProtKB/TrEMBL,CYT,Mammuthus primigenius,37349,2023-06-28,1
UPI0001566051,UniProtKB/TrEMBL,CYT,Mammuthus primigenius,37349,2023-06-28,1
UPI00015D1318,UniProtKB/TrEMBL,COX1,Mammuthus primigenius,37349,2023-06-28,1
UPI00015D1319,UniProtKB/TrEMBL,COX3,Mammuthus primigenius,37349,2023-06-28,1
UPI00015D131A,UniProtKB/TrEMBL,ND2,Mammuthus primigenius,37349,2023-06-28,1
UPI00015D132B,UniProtKB/TrEMBL,ND5,Mammuthus primigenius,37349,2023-06-28,1
UPI00015D1345,UniProtKB/TrEMBL,CYTB,Mammuthus primigenius,37349,2023-06-28,1
UPI00015D1346,UniProtKB/TrEMBL,ND6,Mammuthus primigenius,37349,2023-06-28,1
UPI00015D1347,UniProtKB/TrEMBL,COX2,Mammuthus primigenius,37349,2023-06-28,1
UPI00015D1348,UniProtKB/TrEMBL,ATP8,Mammuthus primigenius,37349,2023-06-28,1
UPI00015D1364,UniProtKB/TrEMBL,ND5,Mammuthus primigenius,37349,2023-06-28,1
UPI00015D1365,UniProtKB/TrEMBL,ND1,Mammuthus primigenius,37349,2023-06-28,1
UPI00015D1366,UniProtKB/TrEMBL,ND4,Mammuthus primigenius,37349,2023-06-28,1
UPI00015D1367,UniProtKB/TrEMBL,CYTB,Mammuthus primigenius,37349,2023-06-28,1
UPI00015D13A3,UniProtKB/TrEMBL,ND5,Mammuthus primigenius,37349,2023-06-28,1
UPI00015D13A4,UniProtKB/TrEMBL,CYTB,Mammuthus primigenius,37349,2023-06-28,1
UPI000162F0A6,UniProtKB/TrEMBL,ATP6,Mammuthus primigenius,37349,2023-06-28,1
UPI000162F0A8,UniProtKB/TrEMBL,ND4,Mammuthus primigenius,37349,2023-06-28,1
UPI000162F0A9,UniProtKB/TrEMBL,ND5,Mammuthus primigenius,37349,2023-06-28,1
UPI000162F0AA,UniProtKB/TrEMBL,ND6,Mammuthus primigenius,37349,2023-06-28,1
UPI0001768E1F,UniProtKB/TrEMBL,ND4L,Mammuthus primigenius,37349,2023-06-28,1
UPI0001768E20,UniProtKB/TrEMBL,ND4,Mammuthus primigenius,37349,2023-06-28,1
UPI0001768E21,UniProtKB/TrEMBL,ND6,Mammuthus primigenius,37349,2023-06-28,1
UPI0001768E2D,UniProtKB/TrEMBL,ND1,Mammuthus primigenius,37349,2023-06-28,1
UPI0001768E2E,UniProtKB/TrEMBL,ND2,Mammuthus primigenius,37349,2023-06-28,1
UPI0001768E2F,UniProtKB/TrEMBL,COX1,Mammuthus primigenius,37349,2023-06-28,1
UPI0001768E30,UniProtKB/TrEMBL,ATP6,Mammuthus primigenius,37349,2023-06-28,1
UPI0001768E31,UniProtKB/TrEMBL,COX3,Mammuthus primigenius,37349,2023-06-28,1
UPI0001768E32,UniProtKB/TrEMBL,ND3,Mammuthus primigenius,37349,2023-06-28,1
UPI0001768E33,UniProtKB/TrEMBL,ND4L,Mammuthus primigenius,37349,2023-06-28,1
UPI0001768E34,UniProtKB/TrEMBL,ND4,Mammuthus primigenius,37349,2023-06-28,1
UPI0001768E35,UniProtKB/TrEMBL,ND5,Mammuthus primigenius,37349,2023-06-28,1
UPI0001768E36,UniProtKB/TrEMBL,ND6,Mammuthus primigenius,37349,2023-06-28,1
UPI0001768E37,UniProtKB/TrEMBL,CYTB,Mammuthus primigenius,37349,2023-06-28,1
UPI0001768E38,UniProtKB/TrEMBL,ND1,Mammuthus primigenius,37349,2023-06-28,1
UPI0001768E39,UniProtKB/TrEMBL,COX2,Mammuthus primigenius,37349,2023-06-28,1
UPI0001768E3A,UniProtKB/TrEMBL,ND5,Mammuthus primigenius,37349,2023-06-28,1
UPI0001768E3B,UniProtKB/TrEMBL,ND6,Mammuthus primigenius,37349,2023-06-28,1
UPI0001768E3C,UniProtKB/TrEMBL,CYTB,Mammuthus primigenius,37349,2023-06-28,1
UPI0001768E3D,UniProtKB/TrEMBL,ND2,Mammuthus primigenius,37349,2023-06-28,1
UPI0001768E3E,UniProtKB/TrEMBL,ND3,Mammuthus primigenius,37349,2023-06-28,1
UPI0001768E3F,UniProtKB/TrEMBL,ND5,Mammuthus primigenius,37349,2023-06-28,1
UPI0001768E40,UniProtKB/TrEMBL,ND1,Mammuthus primigenius,37349,2023-06-28,1
UPI0001768E45,UniProtKB/TrEMBL,ND2,Mammuthus primigenius,37349,2023-06-28,1
UPI0001768E46,UniProtKB/TrEMBL,ND5,Mammuthus primigenius,37349,2023-06-28,1
UPI0001768E47,UniProtKB/TrEMBL,CYTB,Mammuthus primigenius,37349,2023-06-28,1
UPI00017FB6B1,UniProtKB/TrEMBL,CYTB,Mammuthus primigenius,37349,2023-06-28,1
UPI00017FB6B2,UniProtKB/TrEMBL,CYTB,Mammuthus primigenius,37349,2023-06-28,1
UPI000195FA4D,UniProtKB/TrEMBL,CYTB,Mammuthus primigenius,37349,2023-06-28,1
UPI0001963B53,UniProtKB/TrEMBL,,Mammuthus primigenius,37349,2023-06-28,1
UPI0001963B54,UniProtKB/TrEMBL,,Mammuthus primigenius,37349,2023-06-28,1
UPI0001963B55,UniProtKB/TrEMBL,,Mammuthus primigenius,37349,2023-06-28,1
UPI0001963B56,UniProtKB/TrEMBL,,Mammuthus primigenius,37349,2023-06-28,1
UPI0001963B59,UniProtKB/TrEMBL,,Mammuthus primigenius,37349,2023-06-28,1
UPI0001963B5A,UniProtKB/TrEMBL,,Mammuthus primigenius,37349,2023-06-28,1
UPI0001963B5B,UniProtKB/TrEMBL,,Mammuthus primigenius,37349,2023-06-28,1
UPI0001963B5C,UniProtKB/TrEMBL,,Mammuthus primigenius,37349,2023-06-28,1
UPI0001963B5E,UniProtKB/TrEMBL,,Mammuthus primigenius,37349,2023-06-28,1
UPI0001AAFBAB,UniProtKB/TrEMBL,,Mammuthus primigenius,37349,2023-06-28,1
UPI0001AAFBAC,UniProtKB/TrEMBL,,Mammuthus primigenius,37349,2023-06-28,1
UPI0001B96E9F,UniProtKB/TrEMBL,FGF5,Mammuthus primigenius,37349,2023-06-28,1
UPI0001C3E6B8,UniProtKB/TrEMBL,,Mammuthus primigenius,37349,2023-06-28,1
UPI0001CCB2B7,UniProtKB/TrEMBL,HBA,Mammuthus primigenius,37349,2023-06-28,1
UPI0001CCB2B8,UniProtKB/TrEMBL,D,Mammuthus primigenius,37349,2023-06-28,1
UPI00020CBA96,UniProtKB/TrEMBL,ND3,Mammuthus columbi,1027716,2023-06-28,1
UPI00020CBA97,UniProtKB/TrEMBL,ND4,Mammuthus columbi,1027716,2023-06-28,1
UPI00020CBA98,UniProtKB/TrEMBL,ND5,Mammuthus columbi,1027716,2023-06-28,1
UPI00020CBA99,UniProtKB/TrEMBL,ND6,Mammuthus columbi,1027716,2023-06-28,1
UPI00020CBA9A,UniProtKB/TrEMBL,COX1,Mammuthus primigenius,37349,2023-06-28,1
UPI00020CBAC2,UniProtKB/TrEMBL,ND3,Mammuthus primigenius,37349,2023-06-28,1
UPI00020CBAC3,UniProtKB/TrEMBL,ND4,Mammuthus primigenius,37349,2023-06-28,1
UPI00020CBAC4,UniProtKB/TrEMBL,ND5,Mammuthus primigenius,37349,2023-06-28,1
UPI0002528417,UniProtKB/TrEMBL,ND4L,Mammuthus sp.,1851651,2023-06-28,1
UPI000351DD34,UniProtKB/TrEMBL,MB,Mammuthus primigenius,37349,2023-06-28,1
UPI0003B068E0,UniProtKB/TrEMBL,CYTB,Mammuthus primigenius,37349,2023-06-28,1
UPI0003B091E7,UniProtKB/TrEMBL,CYTB,Mammuthus primigenius,37349,2023-06-28,1
UPI0003B0BDA8,UniProtKB/TrEMBL,CYTB,Mammuthus primigenius,37349,2023-06-28,1
UPI0003B0E579,UniProtKB/TrEMBL,CYTB,Mammuthus primigenius,37349,2023-06-28,1
UPI0003B0E714,UniProtKB/TrEMBL,CYTB,Mammuthus primigenius,37349,2023-06-28,1
UPI0003B0EA23,UniProtKB/TrEMBL,CYTB,Mammuthus primigenius,37349,2023-06-28,1
UPI0003B1085B,UniProtKB/TrEMBL,CYTB,Mammuthus primigenius,37349,2023-06-28,1
UPI0003B108D6,UniProtKB/TrEMBL,CYTB,Mammuthus primigenius,37349,2023-06-28,1
UPI0007C5FB6F,UniProtKB/TrEMBL,MAPR,Mammuthus primigenius,37349,2023-06-28,1
UPI0007C5FC5D,UniProtKB/TrEMBL,MAPR,Mammuthus primigenius,37349,2023-06-28,1
UPI0007C60086,UniProtKB/TrEMBL,MAPR,Mammuthus primigenius,37349,2023-06-28,1
UPI0007C6009A,UniProtKB/TrEMBL,MAPR,Mammuthus primigenius,37349,2023-06-28,1
UPI0007C603C3,UniProtKB/TrEMBL,MAPR,Mammuthus primigenius,37349,2023-06-28,1
UPI0007C608B7,UniProtKB/TrEMBL,MAPR,Mammuthus primigenius,37349,2023-06-28,1
UPI0007C60FF7,UniProtKB/TrEMBL,MAPR,Mammuthus primigenius,37349,2023-06-28,1
UPI0007C61040,UniProtKB/TrEMBL,MAPR,Mammuthus primigenius,37349,2023-06-28,1
UPI0007C6107A,UniProtKB/TrEMBL,MAPR,Mammuthus primigenius,37349,2023-06-28,1
UPI0007DCB8E8,UniProtKB/TrEMBL,ND5,Mammuthus primigenius,37349,2023-06-28,1
UPI0007DCB9C7,UniProtKB/TrEMBL,COX3,Mammuthus sp.,1851651,2023-06-28,1
UPI0007DCB9EC,UniProtKB/TrEMBL,ND4L,Mammuthus columbi,1027716,2023-06-28,1
UPI0007DCBAB7,UniProtKB/TrEMBL,ND4,Mammuthus jeffersonii,1851652,2023-06-28,1
UPI0007DCBAD0,UniProtKB/TrEMBL,ND2,Mammuthus primigenius,37349,2023-06-28,1
UPI0007DCBB1D,UniProtKB/TrEMBL,ND5,Mammuthus sp.,1851651,2023-06-28,1
UPI0007DCBBED,UniProtKB/TrEMBL,CYTB,Mammuthus sp.,1851651,2023-06-28,1
UPI0007DCBBFE,UniProtKB/TrEMBL,COX2,Mammuthus primigenius,37349,2023-06-28,1
UPI0007DCBCFB,UniProtKB/TrEMBL,ND1,Mammuthus sp.,1851651,2023-06-28,1
UPI0007DCC2A3,UniProtKB/TrEMBL,ATP6,Mammuthus sp.,1851651,2023-06-28,1
UPI0007DCC312,UniProtKB/TrEMBL,ND1,Mammuthus sp.,1851651,2023-06-28,1
UPI0007DCC59A,UniProtKB/TrEMBL,ND5,Mammuthus primigenius,37349,2023-06-28,1
UPI0007DCC63F,UniProtKB/TrEMBL,ND1,Mammuthus sp.,1851651,2023-06-28,1
UPI0007DCC685,UniProtKB/TrEMBL,ND5,Mammuthus columbi,1027716,2023-06-28,1
UPI0007DCCA4A,UniProtKB/TrEMBL,ND4,Mammuthus sp.,1851651,2023-06-28,1
UPI0007DCCAB1,UniProtKB/TrEMBL,ATP8,Mammuthus primigenius,37349,2023-06-28,1
UPI0007DCCBB6,UniProtKB/TrEMBL,ATP8,Mammuthus primigenius,37349,2023-06-28,1
UPI0007DCCBB9,UniProtKB/TrEMBL,CYTB,Mammuthus sp.,1851651,2023-06-28,1
UPI0007DCCBFE,UniProtKB/TrEMBL,ND2,Mammuthus sp.,1851651,2023-06-28,1
UPI0007DCCE3A,UniProtKB/TrEMBL,ND5,Mammuthus primigenius,37349,2023-06-28,1
UPI0007DCCE48,UniProtKB/TrEMBL,COX1,Mammuthus sp.,1851651,2023-06-28,1
UPI0007DCD071,UniProtKB/TrEMBL,ND2,Mammuthus sp.,1851651,2023-06-28,1
UPI0007DCD083,UniProtKB/TrEMBL,ND5,Mammuthus sp.,1851651,2023-06-28,1
UPI0007DCD101,UniProtKB/TrEMBL,ATP8,Mammuthus sp.,1851651,2023-06-28,1
UPI0007DCD22F,UniProtKB/TrEMBL,ATP6,Mammuthus primigenius,37349,2023-06-28,1
UPI0007DCD290,UniProtKB/TrEMBL,ATP6,Mammuthus sp.,1851651,2023-06-28,1
UPI0007DCD4FF,UniProtKB/TrEMBL,CYTB,Mammuthus sp.,1851651,2023-06-28,1
UPI0007DCD623,UniProtKB/TrEMBL,ATP6,Mammuthus sp.,1851651,2023-06-28,1
UPI0007DCD6D4,UniProtKB/TrEMBL,COX3,Mammuthus sp.,1851651,2023-06-28,1
UPI0007DCD7A2,UniProtKB/TrEMBL,ND1,Mammuthus sp.,1851651,2023-06-28,1
UPI0007DCD839,UniProtKB/TrEMBL,ATP6,Mammuthus columbi,1027716,2023-06-28,1
UPI0007DCD972,UniProtKB/TrEMBL,ND1,Mammuthus sp.,1851651,2023-06-28,1
UPI0007DCDA37,UniProtKB/TrEMBL,CYTB,Mammuthus sp.,1851651,2023-06-28,1
UPI0007DCDBE6,UniProtKB/TrEMBL,ND2,Mammuthus sp.,1851651,2023-06-28,1
UPI0007DCDC21,UniProtKB/TrEMBL,ND6,Mammuthus primigenius,37349,2023-06-28,1
UPI0007DCDC5A,UniProtKB/TrEMBL,COX3,Mammuthus primigenius,37349,2023-06-28,1
UPI0007DCDC83,UniProtKB/TrEMBL,ND4,Mammuthus sp.,1851651,2023-06-28,1
UPI0007DCDCDD,UniProtKB/TrEMBL,ND5,Mammuthus sp.,1851651,2023-06-28,1
UPI0007DCDD52,UniProtKB/TrEMBL,ND4,Mammuthus primigenius,37349,2023-06-28,1
UPI0007DCDE45,UniProtKB/TrEMBL,ATP6,Mammuthus columbi,1027716,2023-06-28,1
UPI0007DCDEBC,UniProtKB/TrEMBL,CYTB,Mammuthus sp.,1851651,2023-06-28,1
UPI0007DCDF2C,UniProtKB/TrEMBL,ND2,Mammuthus sp.,1851651,2023-06-28,1
UPI0007DCE179,UniProtKB/TrEMBL,ND6,Mammuthus sp.,1851651,2023-06-28,1
UPI0007DCE215,UniProtKB/TrEMBL,CYTB,Mammuthus sp.,1851651,2023-06-28,1
UPI0007DCE40D,UniProtKB/TrEMBL,ND2,Mammuthus sp.,1851651,2023-06-28,1
UPI0007DCE436,UniProtKB/TrEMBL,ATP6,Mammuthus primigenius,37349,2023-06-28,1
UPI0007DCE496,UniProtKB/TrEMBL,ND1,Mammuthus primigenius,37349,2023-06-28,1
UPI0007DCE6BD,UniProtKB/TrEMBL,ND6,Mammuthus primigenius,37349,2023-06-28,1
UPI0007DCE773,UniProtKB/TrEMBL,COX3,Mammuthus sp.,1851651,2023-06-28,1
UPI0007DCE796,UniProtKB/TrEMBL,COX1,Mammuthus primigenius,37349,2023-06-28,1
UPI0007DCE891,UniProtKB/TrEMBL,ATP6,Mammuthus sp.,1851651,2023-06-28,1
UPI0007DCE8EC,UniProtKB/TrEMBL,ND6,Mammuthus sp.,1851651,2023-06-28,1
UPI0007DCE8F0,UniProtKB/TrEMBL,ATP6,Mammuthus sp.,1851651,2023-06-28,1
UPI0007DCE987,UniProtKB/TrEMBL,ND3,Mammuthus columbi,1027716,2023-06-28,1
UPI0007DCEAD8,UniProtKB/TrEMBL,CYTB,Mammuthus primigenius,37349,2023-06-28,1
UPI0007DCEBE9,UniProtKB/TrEMBL,ND4,Mammuthus primigenius,37349,2023-06-28,1
UPI0007DCEC27,UniProtKB/TrEMBL,COX1,Mammuthus columbi,1027716,2023-06-28,1
UPI0007DCEC47,UniProtKB/TrEMBL,ND4,Mammuthus primigenius,37349,2023-06-28,1
UPI0007DCEC7B,UniProtKB/TrEMBL,ND5,Mammuthus sp.,1851651,2023-06-28,1
UPI0007DCEED7,UniProtKB/TrEMBL,ATP6,Mammuthus sp.,1851651,2023-06-28,1
UPI0007DCEF2B,UniProtKB/TrEMBL,COX3,Mammuthus sp.,1851651,2023-06-28,1
UPI0007DCF018,UniProtKB/TrEMBL,ND4L,Mammuthus sp.,1851651,2023-06-28,1
UPI0007DCF03A,UniProtKB/TrEMBL,CYTB,Mammuthus sp.,1851651,2023-06-28,1
UPI0007DCF20C,UniProtKB/TrEMBL,ATP6,Mammuthus primigenius,37349,2023-06-28,1
UPI0007DCF20F,UniProtKB/TrEMBL,ATP6,Mammuthus sp.,1851651,2023-06-28,1
UPI0007DCF370,UniProtKB/TrEMBL,ND5,Mammuthus primigenius,37349,2023-06-28,1
UPI0007DCF47C,UniProtKB/TrEMBL,ND4L,Mammuthus sp.,1851651,2023-06-28,1
UPI0007DCF4CD,UniProtKB/TrEMBL,ATP6,Mammuthus primigenius,37349,2023-06-28,1
UPI0007DCF861,UniProtKB/TrEMBL,ND5,Mammuthus primigenius,37349,2023-06-28,1
UPI0007DCF898,UniProtKB/TrEMBL,COX3,Mammuthus sp.,1851651,2023-06-28,1
UPI0007DCFCC5,UniProtKB/TrEMBL,ATP6,Mammuthus sp.,1851651,2023-06-28,1
UPI0007DCFD68,UniProtKB/TrEMBL,COX2,Mammuthus primigenius,37349,2023-06-28,1
UPI0007DCFDFA,UniProtKB/TrEMBL,ND4L,Mammuthus sp.,1851651,2023-06-28,1
UPI0007DCFE04,UniProtKB/TrEMBL,COX2,Mammuthus columbi,1027716,2023-06-28,1
UPI0007DCFE9D,UniProtKB/TrEMBL,ND5,Mammuthus primigenius,37349,2023-06-28,1
UPI0007DCFF1F,UniProtKB/TrEMBL,COX2,Mammuthus exilis,1851653,2023-06-28,1
UPI0007DD00F3,UniProtKB/TrEMBL,ND4,Mammuthus primigenius,37349,2023-06-28,1
UPI0007DD0133,UniProtKB/TrEMBL,ATP6,Mammuthus sp.,1851651,2023-06-28,1
UPI0007DD025A,UniProtKB/TrEMBL,COX2,Mammuthus primigenius,37349,2023-06-28,1
UPI0007DD02DF,UniProtKB/TrEMBL,ND4L,Mammuthus primigenius,37349,2023-06-28,1
UPI0007DD03E8,UniProtKB/TrEMBL,ATP6,Mammuthus primigenius,37349,2023-06-28,1
UPI0007DD042F,UniProtKB/TrEMBL,ND3,Mammuthus sp.,1851651,2023-06-28,1
UPI0007DD0493,UniProtKB/TrEMBL,ND6,Mammuthus sp.,1851651,2023-06-28,1
UPI0007DD08E7,UniProtKB/TrEMBL,ND6,Mammuthus exilis,1851653,2023-06-28,1
UPI0007DD0A15,UniProtKB/TrEMBL,ND3,Mammuthus primigenius,37349,2023-06-28,1
UPI0007DD0A2E,UniProtKB/TrEMBL,ND5,Mammuthus sp.,1851651,2023-06-28,1
UPI0007DD0A80,UniProtKB/TrEMBL,COX2,Mammuthus primigenius,37349,2023-06-28,1
UPI0007DD0AAD,UniProtKB/TrEMBL,CYTB,Mammuthus primigenius,37349,2023-06-28,1
UPI0007DD0B3A,UniProtKB/TrEMBL,ND5,Mammuthus columbi,1027716,2023-06-28,1
UPI0007DD0B77,UniProtKB/TrEMBL,COX3,Mammuthus sp.,1851651,2023-06-28,1
UPI0007DD0B96,UniProtKB/TrEMBL,ND2,Mammuthus primigenius,37349,2023-06-28,1
UPI0007DD0BA9,UniProtKB/TrEMBL,ATP6,Mammuthus sp.,1851651,2023-06-28,1
UPI0007DD0BD9,UniProtKB/TrEMBL,COX1,Mammuthus sp.,1851651,2023-06-28,1
UPI0007DD0C84,UniProtKB/TrEMBL,COX1,Mammuthus sp.,1851651,2023-06-28,1
UPI0007DD0E72,UniProtKB/TrEMBL,ND1,Mammuthus sp.,1851651,2023-06-28,1
UPI0007DD0F3C,UniProtKB/TrEMBL,ND3,Mammuthus primigenius,37349,2023-06-28,1
UPI0007DD0F7C,UniProtKB/TrEMBL,ND5,Mammuthus sp.,1851651,2023-06-28,1
UPI0007DD1246,UniProtKB/TrEMBL,COX2,Mammuthus primigenius,37349,2023-06-28,1
UPI0007DD13F3,UniProtKB/TrEMBL,COX3,Mammuthus sp.,1851651,2023-06-28,1
UPI0007DD1660,UniProtKB/TrEMBL,ATP6,Mammuthus primigenius,37349,2023-06-28,1
UPI0007DD171A,UniProtKB/TrEMBL,ND4,Mammuthus columbi,1027716,2023-06-28,1
UPI0007DD187D,UniProtKB/TrEMBL,ND5,Mammuthus exilis,1851653,2023-06-28,1
UPI0007DD18DC,UniProtKB/TrEMBL,ND2,Mammuthus primigenius,37349,2023-06-28,1
UPI0007DD19E6,UniProtKB/TrEMBL,ATP8,Mammuthus primigenius,37349,2023-06-28,1
UPI0007DD1CAA,UniProtKB/TrEMBL,COX3,Mammuthus primigenius,37349,2023-06-28,1
UPI0007DD1CF7,UniProtKB/TrEMBL,COX2,Mammuthus primigenius,37349,2023-06-28,1
UPI0007DD1E7F,UniProtKB/TrEMBL,ND5,Mammuthus columbi,1027716,2023-06-28,1
UPI0007DD1E8E,UniProtKB/TrEMBL,COX2,Mammuthus columbi,1027716,2023-06-28,1
UPI0007DD1F1A,UniProtKB/TrEMBL,ND2,Mammuthus primigenius,37349,2023-06-28,1
UPI0007DD1FF4,UniProtKB/TrEMBL,ND4,Mammuthus sp.,1851651,2023-06-28,1
UPI0007DD203A,UniProtKB/TrEMBL,COX2,Mammuthus sp.,1851651,2023-06-28,1
UPI0007DD2124,UniProtKB/TrEMBL,COX1,Mammuthus sp.,1851651,2023-06-28,1
UPI0007DD215F,UniProtKB/TrEMBL,COX2,Mammuthus sp.,1851651,2023-06-28,1
UPI0007DD21DC,UniProtKB/TrEMBL,COX2,Mammuthus sp.,1851651,2023-06-28,1
UPI0007DD230B,UniProtKB/TrEMBL,COX2,Mammuthus sp.,1851651,2023-06-28,1
UPI0007DD2317,UniProtKB/TrEMBL,ND4,Mammuthus primigenius,37349,2023-06-28,1
UPI0007DD2400,UniProtKB/TrEMBL,ND1,Mammuthus primigenius,37349,2023-06-28,1
UPI0007DD24EC,UniProtKB/TrEMBL,COX3,Mammuthus sp.,1851651,2023-06-28,1
UPI0007DD2520,UniProtKB/TrEMBL,COX1,Mammuthus sp.,1851651,2023-06-28,1
UPI0007DD267A,UniProtKB/TrEMBL,ND5,Mammuthus jeffersonii,1851652,2023-06-28,1
UPI0007DD26AD,UniProtKB/TrEMBL,ND3,Mammuthus sp.,1851651,2023-06-28,1
UPI0007DD2763,UniProtKB/TrEMBL,ATP6,Mammuthus sp.,1851651,2023-06-28,1
UPI0007DD284E,UniProtKB/TrEMBL,ND3,Mammuthus exilis,1851653,2023-06-28,1
UPI0007DD2854,UniProtKB/TrEMBL,ND5,Mammuthus columbi,1027716,2023-06-28,1
UPI0007DD2A00,UniProtKB/TrEMBL,ND5,Mammuthus sp.,1851651,2023-06-28,1
UPI0007DD2ADB,UniProtKB/TrEMBL,ND2,Mammuthus sp.,1851651,2023-06-28,1
UPI0007DD2E4E,UniProtKB/TrEMBL,ATP8,Mammuthus sp.,1851651,2023-06-28,1
UPI0007DD2EA7,UniProtKB/TrEMBL,COX1,Mammuthus primigenius,37349,2023-06-28,1
UPI0007DD3191,UniProtKB/TrEMBL,ND3,Mammuthus sp.,1851651,2023-06-28,1
UPI0007DD31F3,UniProtKB/TrEMBL,ND5,Mammuthus primigenius,37349,2023-06-28,1
UPI0007DD3247,UniProtKB/TrEMBL,ND4L,Mammuthus sp.,1851651,2023-06-28,1
UPI0007DD340B,UniProtKB/TrEMBL,COX2,Mammuthus columbi,1027716,2023-06-28,1
UPI0007DD3583,UniProtKB/TrEMBL,ND1,Mammuthus sp.,1851651,2023-06-28,1
UPI0007DD360E,UniProtKB/TrEMBL,ND4,Mammuthus sp.,1851651,2023-06-28,1
UPI0007DD36B5,UniProtKB/TrEMBL,ND2,Mammuthus sp.,1851651,2023-06-28,1
UPI0007DD36B7,UniProtKB/TrEMBL,CYTB,Mammuthus primigenius,37349,2023-06-28,1
UPI0007DD3743,UniProtKB/TrEMBL,COX2,Mammuthus primigenius,37349,2023-06-28,1
UPI0007DD3771,UniProtKB/TrEMBL,ND4L,Mammuthus sp.,1851651,2023-06-28,1
UPI0007DD3864,UniProtKB/TrEMBL,COX1,Mammuthus sp.,1851651,2023-06-28,1
UPI0007DD38A8,UniProtKB/TrEMBL,ND4,Mammuthus columbi,1027716,2023-06-28,1
UPI0007DD38C8,UniProtKB/TrEMBL,COX3,Mammuthus primigenius,37349,2023-06-28,1
UPI0007DD39C9,UniProtKB/TrEMBL,ND4,Mammuthus primigenius,37349,2023-06-28,1
UPI0007DD39EA,UniProtKB/TrEMBL,CYTB,Mammuthus primigenius,37349,2023-06-28,1
UPI0007DD3CF4,UniProtKB/TrEMBL,ND5,Mammuthus sp.,1851651,2023-06-28,1
UPI0007DD3D5F,UniProtKB/TrEMBL,ND2,Mammuthus sp.,1851651,2023-06-28,1
UPI0007DD3DA8,UniProtKB/TrEMBL,ND6,Mammuthus primigenius,37349,2023-06-28,1
UPI0007DD3E6E,UniProtKB/TrEMBL,COX2,Mammuthus sp.,1851651,2023-06-28,1
UPI0007DD3EF5,UniProtKB/TrEMBL,COX1,Mammuthus primigenius,37349,2023-06-28,1
UPI0007DD4098,UniProtKB/TrEMBL,ND4L,Mammuthus primigenius,37349,2023-06-28,1
UPI0007DD40BA,UniProtKB/TrEMBL,ND2,Mammuthus columbi,1027716,2023-06-28,1
UPI0007DD416F,UniProtKB/TrEMBL,ND5,Mammuthus sp.,1851651,2023-06-28,1
UPI0007DD419C,UniProtKB/TrEMBL,COX3,Mammuthus sp.,1851651,2023-06-28,1
UPI0007DD437E,UniProtKB/TrEMBL,ND1,Mammuthus sp.,1851651,2023-06-28,1
UPI0007DD43F4,UniProtKB/TrEMBL,ND4L,Mammuthus sp.,1851651,2023-06-28,1
UPI0007DD4411,UniProtKB/TrEMBL,ND6,Mammuthus sp.,1851651,2023-06-28,1
UPI0007DD44A7,UniProtKB/TrEMBL,COX1,Mammuthus sp.,1851651,2023-06-28,1
UPI0007DD44D5,UniProtKB/TrEMBL,ND3,Mammuthus sp.,1851651,2023-06-28,1
UPI0007DD4581,UniProtKB/TrEMBL,ND2,Mammuthus sp.,1851651,2023-06-28,1
UPI0007DD45B4,UniProtKB/TrEMBL,ND4,Mammuthus sp.,1851651,2023-06-28,1
UPI0007DD462C,UniProtKB/TrEMBL,COX1,Mammuthus columbi,1027716,2023-06-28,1
UPI0007DD4A39,UniProtKB/TrEMBL,CYTB,Mammuthus sp.,1851651,2023-06-28,1
UPI0007DD4A49,UniProtKB/TrEMBL,ND6,Mammuthus sp.,1851651,2023-06-28,1
UPI0007DD4A4A,UniProtKB/TrEMBL,ND3,Mammuthus primigenius,37349,2023-06-28,1
UPI0007DD4C2F,UniProtKB/TrEMBL,ND2,Mammuthus sp.,1851651,2023-06-28,1
UPI0007DD4D12,UniProtKB/TrEMBL,ND6,Mammuthus primigenius,37349,2023-06-28,1
UPI0007DD4DEA,UniProtKB/TrEMBL,ND4L,Mammuthus sp.,1851651,2023-06-28,1
UPI0007DD4F38,UniProtKB/TrEMBL,ATP8,Mammuthus sp.,1851651,2023-06-28,1
UPI0007DD501D,UniProtKB/TrEMBL,ND5,Mammuthus columbi,1027716,2023-06-28,1
UPI0007DD5161,UniProtKB/TrEMBL,ND5,Mammuthus primigenius,37349,2023-06-28,1
UPI0007DD5271,UniProtKB/TrEMBL,COX3,Mammuthus sp.,1851651,2023-06-28,1
UPI0007DD533A,UniProtKB/TrEMBL,ATP6,Mammuthus sp.,1851651,2023-06-28,1
UPI0007DD53B6,UniProtKB/TrEMBL,ND4,Mammuthus sp.,1851651,2023-06-28,1
UPI0007DD5438,UniProtKB/TrEMBL,ND1,Mammuthus sp.,1851651,2023-06-28,1
UPI0007DD5490,UniProtKB/TrEMBL,ND4L,Mammuthus primigenius,37349,2023-06-28,1
UPI0007DD55BE,UniProtKB/TrEMBL,ATP6,Mammuthus sp.,1851651,2023-06-28,1
UPI0007DD5691,UniProtKB/TrEMBL,COX3,Mammuthus sp.,1851651,2023-06-28,1
UPI0007DD57DC,UniProtKB/TrEMBL,ND3,Mammuthus primigenius,37349,2023-06-28,1
UPI0007DD5868,UniProtKB/TrEMBL,COX3,Mammuthus sp.,1851651,2023-06-28,1
UPI0007DD5896,UniProtKB/TrEMBL,COX2,Mammuthus sp.,1851651,2023-06-28,1
UPI0007DD58EA,UniProtKB/TrEMBL,ND6,Mammuthus sp.,1851651,2023-06-28,1
UPI0007DD5A1A,UniProtKB/TrEMBL,COX1,Mammuthus sp.,1851651,2023-06-28,1
UPI0007DD5A59,UniProtKB/TrEMBL,CYTB,Mammuthus primigenius,37349,2023-06-28,1
UPI0007DD5AA6,UniProtKB/TrEMBL,ND3,Mammuthus sp.,1851651,2023-06-28,1
UPI0007DD5B93,UniProtKB/TrEMBL,ND1,Mammuthus sp.,1851651,2023-06-28,1
UPI0007DD5CA8,UniProtKB/TrEMBL,COX3,Mammuthus primigenius,37349,2023-06-28,1
UPI0007DD5CCC,UniProtKB/TrEMBL,COX2,Mammuthus sp.,1851651,2023-06-28,1
UPI0007DD5D84,UniProtKB/TrEMBL,ND2,Mammuthus sp.,1851651,2023-06-28,1
UPI0007DD5EAA,UniProtKB/TrEMBL,ND4,Mammuthus columbi,1027716,2023-06-28,1
UPI0007DD5EDC,UniProtKB/TrEMBL,ND6,Mammuthus sp.,1851651,2023-06-28,1
UPI0007DD60F7,UniProtKB/TrEMBL,CYTB,Mammuthus columbi,1027716,2023-06-28,1
UPI0007DD628A,UniProtKB/TrEMBL,ND4L,Mammuthus exilis,1851653,2023-06-28,1
UPI0007DD6390,UniProtKB/TrEMBL,ND5,Mammuthus primigenius,37349,2023-06-28,1
UPI0007DD643F,UniProtKB/TrEMBL,ND4L,Mammuthus primigenius,37349,2023-06-28,1
UPI0007DD64DD,UniProtKB/TrEMBL,ND5,Mammuthus sp.,1851651,2023-06-28,1
UPI0007DD65A8,UniProtKB/TrEMBL,ND5,Mammuthus sp.,1851651,2023-06-28,1
UPI0007DD6635,UniProtKB/TrEMBL,ATP6,Mammuthus sp.,1851651,2023-06-28,1
UPI0007DD6872,UniProtKB/TrEMBL,ND4L,Mammuthus sp.,1851651,2023-06-28,1
UPI0007DD69F1,UniProtKB/TrEMBL,ND2,Mammuthus primigenius,37349,2023-06-28,1
UPI0007DD6A06,UniProtKB/TrEMBL,ND4L,Mammuthus sp.,1851651,2023-06-28,1
UPI0007DD6B54,UniProtKB/TrEMBL,ND4,Mammuthus sp.,1851651,2023-06-28,1
UPI0007DD6C5C,UniProtKB/TrEMBL,ND4,Mammuthus primigenius,37349,2023-06-28,1
UPI0007DD6CFC,UniProtKB/TrEMBL,CYTB,Mammuthus exilis,1851653,2023-06-28,1
UPI0007DD6EB2,UniProtKB/TrEMBL,ATP6,Mammuthus sp.,1851651,2023-06-28,1
UPI0007DD6FE3,UniProtKB/TrEMBL,ND2,Mammuthus sp.,1851651,2023-06-28,1
UPI0007DD7191,UniProtKB/TrEMBL,ND1,Mammuthus sp.,1851651,2023-06-28,1
UPI0007DD71C2,UniProtKB/TrEMBL,COX2,Mammuthus sp.,1851651,2023-06-28,1
UPI0007DD71CA,UniProtKB/TrEMBL,ND5,Mammuthus sp.,1851651,2023-06-28,1
UPI0007DD723C,UniProtKB/TrEMBL,ND2,Mammuthus primigenius,37349,2023-06-28,1
UPI0007DD74DA,UniProtKB/TrEMBL,ND6,Mammuthus primigenius,37349,2023-06-28,1
UPI0007DD7516,UniProtKB/TrEMBL,ATP6,Mammuthus columbi,1027716,2023-06-28,1
UPI0007DD7539,UniProtKB/TrEMBL,COX2,Mammuthus sp.,1851651,2023-06-28,1
UPI0007DD76BC,UniProtKB/TrEMBL,ND5,Mammuthus sp.,1851651,2023-06-28,1
UPI0007DD7783,UniProtKB/TrEMBL,COX1,Mammuthus sp.,1851651,2023-06-28,1
UPI0007DD78E6,UniProtKB/TrEMBL,ND1,Mammuthus primigenius,37349,2023-06-28,1
UPI0007DD795B,UniProtKB/TrEMBL,ND2,Mammuthus columbi,1027716,2023-06-28,1
UPI0007DD7A43,UniProtKB/TrEMBL,COX3,Mammuthus sp.,1851651,2023-06-28,1
UPI0007DD7B69,UniProtKB/TrEMBL,COX1,Mammuthus primigenius,37349,2023-06-28,1
UPI0007DD7B77,UniProtKB/TrEMBL,ND3,Mammuthus primigenius,37349,2023-06-28,1
UPI0007DD7BED,UniProtKB/TrEMBL,ND3,Mammuthus sp.,1851651,2023-06-28,1
UPI0007DD7BEE,UniProtKB/TrEMBL,ATP6,Mammuthus columbi,1027716,2023-06-28,1
UPI0007DD7CA1,UniProtKB/TrEMBL,COX3,Mammuthus sp.,1851651,2023-06-28,1
UPI0007DD7CBE,UniProtKB/TrEMBL,ND5,Mammuthus columbi,1027716,2023-06-28,1
UPI0007DD7D05,UniProtKB/TrEMBL,ATP6,Mammuthus columbi,1027716,2023-06-28,1
UPI0007DD7D0C,UniProtKB/TrEMBL,ND2,Mammuthus primigenius,37349,2023-06-28,1
UPI0007DD7FEA,UniProtKB/TrEMBL,COX3,Mammuthus columbi,1027716,2023-06-28,1
UPI0007DD803F,UniProtKB/TrEMBL,ND5,Mammuthus sp.,1851651,2023-06-28,1
UPI0007DD812C,UniProtKB/TrEMBL,ND1,Mammuthus sp.,1851651,2023-06-28,1
UPI0007DD84CC,UniProtKB/TrEMBL,CYTB,Mammuthus sp.,1851651,2023-06-28,1
UPI0007DD8650,UniProtKB/TrEMBL,COX1,Mammuthus columbi,1027716,2023-06-28,1
UPI0007DD865F,UniProtKB/TrEMBL,ND4L,Mammuthus sp.,1851651,2023-06-28,1
UPI0007DD8706,UniProtKB/TrEMBL,COX2,Mammuthus sp.,1851651,2023-06-28,1
UPI0007DD8798,UniProtKB/TrEMBL,ND4,Mammuthus exilis,1851653,2023-06-28,1
UPI0007DD8838,UniProtKB/TrEMBL,ND3,Mammuthus sp.,1851651,2023-06-28,1
UPI0007DD8948,UniProtKB/TrEMBL,ND3,Mammuthus sp.,1851651,2023-06-28,1
UPI0007DD897E,UniProtKB/TrEMBL,,Mammuthus sp.,1851651,2023-06-28,1
UPI0007DD89B4,UniProtKB/TrEMBL,ND2,Mammuthus primigenius,37349,2023-06-28,1
UPI0007DD8C23,UniProtKB/TrEMBL,COX1,Mammuthus sp.,1851651,2023-06-28,1
UPI0007DD8CB4,UniProtKB/TrEMBL,CYTB,Mammuthus primigenius,37349,2023-06-28,1
UPI0007DD8D20,UniProtKB/TrEMBL,ND3,Mammuthus columbi,1027716,2023-06-28,1
UPI0007DD8D48,UniProtKB/TrEMBL,ND4,Mammuthus sp.,1851651,2023-06-28,1
UPI0007DD8EA6,UniProtKB/TrEMBL,ND2,Mammuthus sp.,1851651,2023-06-28,1
UPI0007DD8F19,UniProtKB/TrEMBL,ND6,Mammuthus sp.,1851651,2023-06-28,1
UPI0007DD8F59,UniProtKB/TrEMBL,COX1,Mammuthus columbi,1027716,2023-06-28,1
UPI0007DD8F77,UniProtKB/TrEMBL,ND5,Mammuthus jeffersonii,1851652,2023-06-28,1
UPI0007DD8FF4,UniProtKB/TrEMBL,ND1,Mammuthus columbi,1027716,2023-06-28,1
UPI0007DD9255,UniProtKB/TrEMBL,ND5,Mammuthus sp.,1851651,2023-06-28,1
UPI0007DD92B0,UniProtKB/TrEMBL,ND4,Mammuthus sp.,1851651,2023-06-28,1
UPI0007DD935C,UniProtKB/TrEMBL,ND6,Mammuthus sp.,1851651,2023-06-28,1
UPI0007DD950E,UniProtKB/TrEMBL,ATP8,Mammuthus sp.,1851651,2023-06-28,1
UPI0007DD9668,UniProtKB/TrEMBL,ND4L,Mammuthus sp.,1851651,2023-06-28,1
UPI0007DD96A8,UniProtKB/TrEMBL,ND6,Mammuthus sp.,1851651,2023-06-28,1
UPI0007DD96CA,UniProtKB/TrEMBL,COX3,Mammuthus primigenius,37349,2023-06-28,1
UPI0007DD976E,UniProtKB/TrEMBL,ND3,Mammuthus primigenius,37349,2023-06-28,1
UPI0007DD979C,UniProtKB/TrEMBL,ND5,Mammuthus primigenius,37349,2023-06-28,1
UPI0007DD9949,UniProtKB/TrEMBL,ATP6,Mammuthus primigenius,37349,2023-06-28,1
UPI0007DD9969,UniProtKB/TrEMBL,ND4,Mammuthus sp.,1851651,2023-06-28,1
UPI0007DD9EC6,UniProtKB/TrEMBL,CYTB,Mammuthus sp.,1851651,2023-06-28,1
UPI0007DD9F3D,UniProtKB/TrEMBL,ND4,Mammuthus sp.,1851651,2023-06-28,1
UPI0007DD9F62,UniProtKB/TrEMBL,ND3,Mammuthus sp.,1851651,2023-06-28,1
UPI0007DD9F6F,UniProtKB/TrEMBL,ND6,Mammuthus sp.,1851651,2023-06-28,1
UPI0007DDA375,UniProtKB/TrEMBL,ND4,Mammuthus sp.,1851651,2023-06-28,1
UPI0007DDA440,UniProtKB/TrEMBL,ND6,Mammuthus primigenius,37349,2023-06-28,1
UPI0007DDA47F,UniProtKB/TrEMBL,ND1,Mammuthus exilis,1851653,2023-06-28,1
UPI0007DDA608,UniProtKB/TrEMBL,COX3,Mammuthus primigenius,37349,2023-06-28,1
UPI0007DDA614,UniProtKB/TrEMBL,ND1,Mammuthus sp.,1851651,2023-06-28,1
UPI0007DDA705,UniProtKB/TrEMBL,ND4,Mammuthus sp.,1851651,2023-06-28,1
UPI0007DDA720,UniProtKB/TrEMBL,CYTB,Mammuthus sp.,1851651,2023-06-28,1
UPI0007DDA7BE,UniProtKB/TrEMBL,ND4,Mammuthus primigenius,37349,2023-06-28,1
UPI0007DDAABE,UniProtKB/TrEMBL,COX2,Mammuthus sp.,1851651,2023-06-28,1
UPI0007DDAD29,UniProtKB/TrEMBL,ATP8,Mammuthus columbi,1027716,2023-06-28,1
UPI0007DDAE38,UniProtKB/TrEMBL,CYTB,Mammuthus sp.,1851651,2023-06-28,1
UPI0007DDAEF3,UniProtKB/TrEMBL,COX3,Mammuthus primigenius,37349,2023-06-28,1
UPI0007DDAF00,UniProtKB/TrEMBL,ND2,Mammuthus exilis,1851653,2023-06-28,1
UPI0007DDAF5B,UniProtKB/TrEMBL,CYTB,Mammuthus sp.,1851651,2023-06-28,1
UPI0007DDB03F,UniProtKB/TrEMBL,CYTB,Mammuthus sp.,1851651,2023-06-28,1
UPI0007DDB0D1,UniProtKB/TrEMBL,ND4,Mammuthus sp.,1851651,2023-06-28,1
UPI0007DDB15B,UniProtKB/TrEMBL,COX2,Mammuthus sp.,1851651,2023-06-28,1
UPI0007DDB2B3,UniProtKB/TrEMBL,ND5,Mammuthus primigenius,37349,2023-06-28,1
UPI0007DDB3A1,UniProtKB/TrEMBL,ND5,Mammuthus sp.,1851651,2023-06-28,1
UPI0007DDB3B0,UniProtKB/TrEMBL,ND6,Mammuthus columbi,1027716,2023-06-28,1
UPI0007DDB5AA,UniProtKB/TrEMBL,COX2,Mammuthus primigenius,37349,2023-06-28,1
UPI0007DDB67C,UniProtKB/TrEMBL,COX1,Mammuthus sp.,1851651,2023-06-28,1
UPI0007DDB7BB,UniProtKB/TrEMBL,COX3,Mammuthus columbi,1027716,2023-06-28,1
UPI0007DDB9D2,UniProtKB/TrEMBL,ATP6,Mammuthus primigenius,37349,2023-06-28,1
UPI0007DDBA24,UniProtKB/TrEMBL,ND2,Mammuthus sp.,1851651,2023-06-28,1
UPI0007DDBA2E,UniProtKB/TrEMBL,ND3,Mammuthus sp.,1851651,2023-06-28,1
UPI0007DDBA67,UniProtKB/TrEMBL,ATP6,Mammuthus sp.,1851651,2023-06-28,1
UPI0007DDBAC0,UniProtKB/TrEMBL,COX2,Mammuthus sp.,1851651,2023-06-28,1
UPI0007DDBB9C,UniProtKB/TrEMBL,COX3,Mammuthus primigenius,37349,2023-06-28,1
UPI0007DDC05A,UniProtKB/TrEMBL,ND4,Mammuthus sp.,1851651,2023-06-28,1
UPI0007DDC0D7,UniProtKB/TrEMBL,COX2,Mammuthus primigenius,37349,2023-06-28,1
UPI0007DDC205,UniProtKB/TrEMBL,CYTB,Mammuthus sp.,1851651,2023-06-28,1
UPI0007DDC259,UniProtKB/TrEMBL,CYTB,Mammuthus sp.,1851651,2023-06-28,1
UPI0007DDC335,UniProtKB/TrEMBL,COX1,Mammuthus primigenius,37349,2023-06-28,1
UPI0007DDC381,UniProtKB/TrEMBL,COX2,Mammuthus sp.,1851651,2023-06-28,1
UPI0007DDC3A9,UniProtKB/TrEMBL,ND2,Mammuthus sp.,1851651,2023-06-28,1
UPI0007DDC3CC,UniProtKB/TrEMBL,ND3,Mammuthus primigenius,37349,2023-06-28,1
UPI0007DDC422,UniProtKB/TrEMBL,ND3,Mammuthus sp.,1851651,2023-06-28,1
UPI0007DDC45E,UniProtKB/TrEMBL,COX3,Mammuthus sp.,1851651,2023-06-28,1
UPI0007DDC49D,UniProtKB/TrEMBL,ND4,Mammuthus primigenius,37349,2023-06-28,1
UPI0007DDC5DC,UniProtKB/TrEMBL,ND1,Mammuthus sp.,1851651,2023-06-28,1
UPI0007DDC654,UniProtKB/TrEMBL,CYTB,Mammuthus sp.,1851651,2023-06-28,1
UPI0007DDC836,UniProtKB/TrEMBL,ND6,Mammuthus sp.,1851651,2023-06-28,1
UPI0007DDCAA8,UniProtKB/TrEMBL,ATP6,Mammuthus exilis,1851653,2023-06-28,1
UPI0007DDCCC4,UniProtKB/TrEMBL,ND4,Mammuthus columbi,1027716,2023-06-28,1
UPI0007DDCD07,UniProtKB/TrEMBL,ND5,Mammuthus primigenius,37349,2023-06-28,1
UPI0007DDCDBE,UniProtKB/TrEMBL,ND1,Mammuthus primigenius,37349,2023-06-28,1
UPI0007DDCDE7,UniProtKB/TrEMBL,COX1,Mammuthus sp.,1851651,2023-06-28,1
UPI0007DDCEE3,UniProtKB/TrEMBL,ND4,Mammuthus sp.,1851651,2023-06-28,1
UPI0007DDCEEF,UniProtKB/TrEMBL,ND4L,Mammuthus columbi,1027716,2023-06-28,1
UPI0007DDCF4D,UniProtKB/TrEMBL,ND1,Mammuthus sp.,1851651,2023-06-28,1
UPI0007DDCFBD,UniProtKB/TrEMBL,COX2,Mammuthus sp.,1851651,2023-06-28,1
UPI0007DDD018,UniProtKB/TrEMBL,ND2,Mammuthus columbi,1027716,2023-06-28,1
UPI0007DDD052,UniProtKB/TrEMBL,ATP8,Mammuthus sp.,1851651,2023-06-28,1
UPI0007DDD1A3,UniProtKB/TrEMBL,ND3,Mammuthus sp.,1851651,2023-06-28,1
UPI0007DDD2FB,UniProtKB/TrEMBL,ND1,Mammuthus primigenius,37349,2023-06-28,1
UPI0007DDD315,UniProtKB/TrEMBL,COX1,Mammuthus sp.,1851651,2023-06-28,1
UPI0007DDD357,UniProtKB/TrEMBL,ND3,Mammuthus primigenius,37349,2023-06-28,1
UPI0007DDD424,UniProtKB/TrEMBL,ND5,Mammuthus sp.,1851651,2023-06-28,1
UPI0007DDD443,UniProtKB/TrEMBL,CYTB,Mammuthus sp.,1851651,2023-06-28,1
UPI0007DDD447,UniProtKB/TrEMBL,CYTB,Mammuthus sp.,1851651,2023-06-28,1
UPI0007DDD54D,UniProtKB/TrEMBL,COX3,Mammuthus sp.,1851651,2023-06-28,1
UPI0007DDD551,UniProtKB/TrEMBL,COX3,Mammuthus primigenius,37349,2023-06-28,1
UPI0007DDD591,UniProtKB/TrEMBL,ATP6,Mammuthus jeffersonii,1851652,2023-06-28,1
UPI0007DDD7A8,UniProtKB/TrEMBL,COX3,Mammuthus sp.,1851651,2023-06-28,1
UPI0007DDD7FD,UniProtKB/TrEMBL,CYTB,Mammuthus sp.,1851651,2023-06-28,1
UPI0007DDD7FE,UniProtKB/TrEMBL,COX1,Mammuthus primigenius,37349,2023-06-28,1
UPI0007DDDADE,UniProtKB/TrEMBL,ATP6,Mammuthus sp.,1851651,2023-06-28,1
UPI0007DDDC24,UniProtKB/TrEMBL,COX1,Mammuthus sp.,1851651,2023-06-28,1
UPI0007DDDF7C,UniProtKB/TrEMBL,COX1,Mammuthus sp.,1851651,2023-06-28,1
UPI0007DDDF96,UniProtKB/TrEMBL,CYTB,Mammuthus sp.,1851651,2023-06-28,1
UPI0007DDDFC1,UniProtKB/TrEMBL,ATP8,Mammuthus sp.,1851651,2023-06-28,1
UPI0007DDE039,UniProtKB/TrEMBL,CYTB,Mammuthus primigenius,37349,2023-06-28,1
UPI0007DDE08D,UniProtKB/TrEMBL,COX2,Mammuthus sp.,1851651,2023-06-28,1
UPI0007DDE115,UniProtKB/TrEMBL,ND4,Mammuthus sp.,1851651,2023-06-28,1
UPI0007DDE19B,UniProtKB/TrEMBL,ND4L,Mammuthus primigenius,37349,2023-06-28,1
UPI0007DDE4AF,UniProtKB/TrEMBL,ND1,Mammuthus sp.,1851651,2023-06-28,1
UPI0007DDE759,UniProtKB/TrEMBL,ND4L,Mammuthus primigenius,37349,2023-06-28,1
UPI0007DDE7A8,UniProtKB/TrEMBL,ND4,Mammuthus sp.,1851651,2023-06-28,1
UPI0007DDE846,UniProtKB/TrEMBL,ATP8,Mammuthus sp.,1851651,2023-06-28,1
UPI0007DDE880,UniProtKB/TrEMBL,COX1,Mammuthus sp.,1851651,2023-06-28,1
UPI0007DDE891,UniProtKB/TrEMBL,ND5,Mammuthus sp.,1851651,2023-06-28,1
UPI0007DDE92B,UniProtKB/TrEMBL,CYTB,Mammuthus columbi,1027716,2023-06-28,1
UPI0007DDECAA,UniProtKB/TrEMBL,COX2,Mammuthus sp.,1851651,2023-06-28,1
UPI0007DDED22,EMBL,COX3,Mammuthus exilis,1851653,2022-10-31,1
UPI0007DDEE75,UniProtKB/TrEMBL,ND5,Mammuthus sp.,1851651,2023-06-28,1
UPI0007DDEE82,UniProtKB/TrEMBL,CYTB,Mammuthus columbi,1027716,2023-06-28,1
UPI0007DDEF1C,UniProtKB/TrEMBL,ND4,Mammuthus sp.,1851651,2023-06-28,1
UPI0007DDEF6A,UniProtKB/TrEMBL,ATP6,Mammuthus sp.,1851651,2023-06-28,1
UPI0007DDEF6B,UniProtKB/TrEMBL,COX1,Mammuthus sp.,1851651,2023-06-28,1
UPI0007DDEF88,UniProtKB/TrEMBL,COX2,Mammuthus jeffersonii,1851652,2023-06-28,1
UPI0007DDEF94,UniProtKB/TrEMBL,ND1,Mammuthus primigenius,37349,2023-06-28,1
UPI0007DDF108,UniProtKB/TrEMBL,CYTB,Mammuthus sp.,1851651,2023-06-28,1
UPI0007DDF11A,UniProtKB/TrEMBL,ND4L,Mammuthus sp.,1851651,2023-06-28,1
UPI0007DDF127,UniProtKB/TrEMBL,ND5,Mammuthus sp.,1851651,2023-06-28,1
UPI0007DDF260,UniProtKB/TrEMBL,ND6,Mammuthus primigenius,37349,2023-06-28,1
UPI0007DDF36B,UniProtKB/TrEMBL,COX3,Mammuthus sp.,1851651,2023-06-28,1
UPI0007DDF3E2,UniProtKB/TrEMBL,COX2,Mammuthus sp.,1851651,2023-06-28,1
UPI0007DDF5E4,UniProtKB/TrEMBL,COX2,Mammuthus sp.,1851651,2023-06-28,1
UPI0007DDF634,UniProtKB/TrEMBL,CYTB,Mammuthus primigenius,37349,2023-06-28,1
UPI0007DDF644,UniProtKB/TrEMBL,ND6,Mammuthus sp.,1851651,2023-06-28,1
UPI0007DDF7BF,UniProtKB/TrEMBL,ND2,Mammuthus columbi,1027716,2023-06-28,1
UPI0007DDF7CE,UniProtKB/TrEMBL,COX1,Mammuthus exilis,1851653,2023-06-28,1
UPI0007DDF816,UniProtKB/TrEMBL,ND3,Mammuthus sp.,1851651,2023-06-28,1
UPI0007DDF875,UniProtKB/TrEMBL,ND6,Mammuthus primigenius,37349,2023-06-28,1
UPI0007DDF925,UniProtKB/TrEMBL,ND1,Mammuthus sp.,1851651,2023-06-28,1
UPI0007DDF975,UniProtKB/TrEMBL,CYTB,Mammuthus jeffersonii,1851652,2023-06-28,1
UPI0007DDFAED,UniProtKB/TrEMBL,COX2,Mammuthus sp.,1851651,2023-06-28,1
UPI0007DDFB37,UniProtKB/TrEMBL,ND3,Mammuthus columbi,1027716,2023-06-28,1
UPI0007DDFBD5,UniProtKB/TrEMBL,CYTB,Mammuthus primigenius,37349,2023-06-28,1
UPI0007DDFF10,UniProtKB/TrEMBL,ND6,Mammuthus sp.,1851651,2023-06-28,1
UPI0007DE006D,UniProtKB/TrEMBL,ND3,Mammuthus sp.,1851651,2023-06-28,1
UPI0007DE02BE,UniProtKB/TrEMBL,ND3,Mammuthus sp.,1851651,2023-06-28,1
UPI0007DE037E,UniProtKB/TrEMBL,COX1,Mammuthus primigenius,37349,2023-06-28,1
UPI0007DE03CA,UniProtKB/TrEMBL,ATP8,Mammuthus sp.,1851651,2023-06-28,1
UPI0007DE05CB,UniProtKB/TrEMBL,ND2,Mammuthus columbi,1027716,2023-06-28,1
UPI0007DE067D,UniProtKB/TrEMBL,ND3,Mammuthus columbi,1027716,2023-06-28,1
UPI0007DE0718,UniProtKB/TrEMBL,ND4,Mammuthus primigenius,37349,2023-06-28,1
UPI0007DE07EB,UniProtKB/TrEMBL,COX2,Mammuthus primigenius,37349,2023-06-28,1
UPI0007DE088C,UniProtKB/TrEMBL,ND3,Mammuthus sp.,1851651,2023-06-28,1
UPI0007DE0989,UniProtKB/TrEMBL,ND4,Mammuthus primigenius,37349,2023-06-28,1
UPI0007DE0A2C,UniProtKB/TrEMBL,ND1,Mammuthus primigenius,37349,2023-06-28,1
UPI0007DE0AE1,UniProtKB/TrEMBL,ND3,Mammuthus jeffersonii,1851652,2023-06-28,1
UPI0007DE0B17,UniProtKB/TrEMBL,COX3,Mammuthus columbi,1027716,2023-06-28,1
UPI0007DE0B40,UniProtKB/TrEMBL,ND1,Mammuthus sp.,1851651,2023-06-28,1
UPI0007DE0B90,UniProtKB/TrEMBL,ND4,Mammuthus sp.,1851651,2023-06-28,1
UPI0007DE0BC2,UniProtKB/TrEMBL,ATP8,Mammuthus sp.,1851651,2023-06-28,1
UPI0007DE0CDA,UniProtKB/TrEMBL,ND5,Mammuthus sp.,1851651,2023-06-28,1
UPI0007DE0D62,UniProtKB/TrEMBL,ATP8,Mammuthus exilis,1851653,2023-06-28,1
UPI0007DE0DCE,UniProtKB/TrEMBL,CYTB,Mammuthus sp.,1851651,2023-06-28,1
UPI0007DE0DDC,UniProtKB/TrEMBL,ND1,Mammuthus sp.,1851651,2023-06-28,1
UPI0007DE0F1A,UniProtKB/TrEMBL,ND6,Mammuthus sp.,1851651,2023-06-28,1
UPI0007DE0F45,UniProtKB/TrEMBL,COX1,Mammuthus primigenius,37349,2023-06-28,1
UPI0007DE0F7D,UniProtKB/TrEMBL,ND6,Mammuthus primigenius,37349,2023-06-28,1
UPI0007DE1067,UniProtKB/TrEMBL,ATP6,Mammuthus primigenius,37349,2023-06-28,1
UPI0007DE11B4,UniProtKB/TrEMBL,ND1,Mammuthus columbi,1027716,2023-06-28,1
UPI0007DE1351,UniProtKB/TrEMBL,ND5,Mammuthus primigenius,37349,2023-06-28,1
UPI0007DE1419,UniProtKB/TrEMBL,COX3,Mammuthus sp.,1851651,2023-06-28,1
UPI0007DE1445,UniProtKB/TrEMBL,ND5,Mammuthus primigenius,37349,2023-06-28,1
UPI0007DE1457,UniProtKB/TrEMBL,ND1,Mammuthus primigenius,37349,2023-06-28,1
UPI0007DE1596,UniProtKB/TrEMBL,CYTB,Mammuthus sp.,1851651,2023-06-28,1
UPI0007DE15C1,UniProtKB/TrEMBL,ND5,Mammuthus sp.,1851651,2023-06-28,1
UPI0007DE15D9,UniProtKB/TrEMBL,ND4L,Mammuthus primigenius,37349,2023-06-28,1
UPI0007DE15F3,UniProtKB/TrEMBL,ATP6,Mammuthus sp.,1851651,2023-06-28,1
UPI0007DE16D0,UniProtKB/TrEMBL,ATP6,Mammuthus sp.,1851651,2023-06-28,1
UPI0007DE1711,UniProtKB/TrEMBL,ND4L,Mammuthus sp.,1851651,2023-06-28,1
UPI0007DE1733,UniProtKB/TrEMBL,ND3,Mammuthus sp.,1851651,2023-06-28,1
UPI0007DE1843,UniProtKB/TrEMBL,ND2,Mammuthus sp.,1851651,2023-06-28,1
UPI0007DE185F,UniProtKB/TrEMBL,ND3,Mammuthus sp.,1851651,2023-06-28,1
UPI0007DE1891,UniProtKB/TrEMBL,ND4,Mammuthus sp.,1851651,2023-06-28,1
UPI0007DE1911,UniProtKB/TrEMBL,ND4L,Mammuthus columbi,1027716,2023-06-28,1
UPI0007DE196E,UniProtKB/TrEMBL,ND5,Mammuthus sp.,1851651,2023-06-28,1
UPI0007DE1A10,UniProtKB/TrEMBL,CYTB,Mammuthus primigenius,37349,2023-06-28,1
UPI0007DE1A4F,UniProtKB/TrEMBL,ATP6,Mammuthus sp.,1851651,2023-06-28,1
UPI0007DE1B5E,UniProtKB/TrEMBL,ND2,Mammuthus primigenius,37349,2023-06-28,1
UPI0007DE1B97,UniProtKB/TrEMBL,COX3,Mammuthus sp.,1851651,2023-06-28,1
UPI0007DE1C3C,UniProtKB/TrEMBL,ND2,Mammuthus sp.,1851651,2023-06-28,1
UPI0007DE1CFB,UniProtKB/TrEMBL,COX1,Mammuthus sp.,1851651,2023-06-28,1
UPI0007DE1D2F,UniProtKB/TrEMBL,ND2,Mammuthus primigenius,37349,2023-06-28,1
UPI0007DE1DFC,UniProtKB/TrEMBL,ND5,Mammuthus sp.,1851651,2023-06-28,1
UPI0007DE1E7B,UniProtKB/TrEMBL,ND1,Mammuthus primigenius,37349,2023-06-28,1
UPI0007DE2024,UniProtKB/TrEMBL,CYTB,Mammuthus sp.,1851651,2023-06-28,1
UPI0007DE202C,UniProtKB/TrEMBL,CYTB,Mammuthus columbi,1027716,2023-06-28,1
UPI0007DE215A,UniProtKB/TrEMBL,ND5,Mammuthus sp.,1851651,2023-06-28,1
UPI0007DE2175,UniProtKB/TrEMBL,ATP6,Mammuthus sp.,1851651,2023-06-28,1
UPI0007DE239F,UniProtKB/TrEMBL,ND1,Mammuthus sp.,1851651,2023-06-28,1
UPI0007DE25BC,UniProtKB/TrEMBL,ND4L,Mammuthus sp.,1851651,2023-06-28,1
UPI0007DE26CF,UniProtKB/TrEMBL,ND2,Mammuthus columbi,1027716,2023-06-28,1
UPI0007DE26DF,UniProtKB/TrEMBL,ND4L,Mammuthus sp.,1851651,2023-06-28,1
UPI0007DE274F,UniProtKB/TrEMBL,ND4,Mammuthus primigenius,37349,2023-06-28,1
UPI0007DE27E4,UniProtKB/TrEMBL,ATP6,Mammuthus sp.,1851651,2023-06-28,1
UPI0007DE27E8,UniProtKB/TrEMBL,ND2,Mammuthus sp.,1851651,2023-06-28,1
UPI0007DE2B8C,UniProtKB/TrEMBL,ATP8,Mammuthus sp.,1851651,2023-06-28,1
UPI0007DE2B91,UniProtKB/TrEMBL,ATP8,Mammuthus sp.,1851651,2023-06-28,1
UPI0007DE2DCB,UniProtKB/TrEMBL,ND5,Mammuthus sp.,1851651,2023-06-28,1
UPI0007DE30AE,UniProtKB/TrEMBL,ND6,Mammuthus primigenius,37349,2023-06-28,1
UPI0007DE314D,UniProtKB/TrEMBL,ND6,Mammuthus sp.,1851651,2023-06-28,1
UPI0007DE3417,UniProtKB/TrEMBL,ND4,Mammuthus sp.,1851651,2023-06-28,1
UPI0007DE34FF,UniProtKB/TrEMBL,ND2,Mammuthus sp.,1851651,2023-06-28,1
UPI0007DE3523,UniProtKB/TrEMBL,CYTB,Mammuthus sp.,1851651,2023-06-28,1
UPI0008028AB9,UniProtKB/TrEMBL,COX3,Mammuthus exilis,1851653,2023-06-28,1
UPI0009021CCA,EPO,,Mammuthus primigenius,37349,2022-06-27,1
UPI000902941D,EPO,,Mammuthus primigenius,37349,2022-06-27,1
UPI0009C1AD30,UniProtKB/TrEMBL,COX2,Mammuthus primigenius,37349,2023-06-28,1
UPI0009C1B0BE,UniProtKB/TrEMBL,CYTB,Mammuthus primigenius,37349,2023-06-28,1
UPI0009C1B239,UniProtKB/TrEMBL,ATP6,Mammuthus primigenius,37349,2023-06-28,1
UPI0009C1B3B4,UniProtKB/TrEMBL,ND6,Mammuthus primigenius,37349,2023-06-28,1
UPI0009C1B3CC,UniProtKB/TrEMBL,CYTB,Mammuthus primigenius,37349,2023-06-28,1
UPI0009C1B5D6,UniProtKB/TrEMBL,COX2,Mammuthus primigenius,37349,2023-06-28,1
UPI0009C1BB09,UniProtKB/TrEMBL,COX1,Mammuthus primigenius,37349,2023-06-28,1
UPI0009C1BC13,UniProtKB/TrEMBL,ND4,Mammuthus primigenius,37349,2023-06-28,1
UPI0009C1BCB8,UniProtKB/TrEMBL,ND4,Mammuthus primigenius,37349,2023-06-28,1
UPI0009C1C58C,UniProtKB/TrEMBL,ND3,Mammuthus primigenius,37349,2023-06-28,1
UPI0009C1C684,UniProtKB/TrEMBL,ND2,Mammuthus primigenius,37349,2023-06-28,1
UPI0009C1CAA1,UniProtKB/TrEMBL,COX2,Mammuthus primigenius,37349,2023-06-28,1
UPI0009C1CB66,UniProtKB/TrEMBL,ATP6,Mammuthus primigenius,37349,2023-06-28,1
UPI0009C1CFF9,UniProtKB/TrEMBL,COX2,Mammuthus primigenius,37349,2023-06-28,1
UPI0009C1D197,UniProtKB/TrEMBL,ND1,Mammuthus primigenius,37349,2023-06-28,1
UPI0009C1D1D3,UniProtKB/TrEMBL,ND3,Mammuthus primigenius,37349,2023-06-28,1
UPI0009C1D256,UniProtKB/TrEMBL,COX2,Mammuthus primigenius,37349,2023-06-28,1
UPI0009C1D9BA,UniProtKB/TrEMBL,COX3,Mammuthus primigenius,37349,2023-06-28,1
UPI0009C1DD6E,UniProtKB/TrEMBL,ND6,Mammuthus primigenius,37349,2023-06-28,1
UPI0009C1E0C4,UniProtKB/TrEMBL,ATP6,Mammuthus primigenius,37349,2023-06-28,1
UPI0009C1E72F,UniProtKB/TrEMBL,CYTB,Mammuthus primigenius,37349,2023-06-28,1
UPI0009C1E736,UniProtKB/TrEMBL,ATP6,Mammuthus primigenius,37349,2023-06-28,1
UPI0009C1E7E6,UniProtKB/TrEMBL,ND5,Mammuthus primigenius,37349,2023-06-28,1
UPI0009C1EB13,UniProtKB/TrEMBL,COX3,Mammuthus primigenius,37349,2023-06-28,1
UPI0009C1EC46,UniProtKB/TrEMBL,ND1,Mammuthus primigenius,37349,2023-06-28,1
UPI0009C1EEFA,UniProtKB/TrEMBL,ND5,Mammuthus primigenius,37349,2023-06-28,1
UPI0009C1F52F,UniProtKB/TrEMBL,COX2,Mammuthus primigenius,37349,2023-06-28,1
UPI0009C1F56D,UniProtKB/TrEMBL,ND4L,Mammuthus primigenius,37349,2023-06-28,1
UPI0009C1FBB6,UniProtKB/TrEMBL,COX1,Mammuthus primigenius,37349,2023-06-28,1
UPI0009C1FC0B,UniProtKB/TrEMBL,ND1,Mammuthus primigenius,37349,2023-06-28,1
UPI0009C1FD99,UniProtKB/TrEMBL,ND6,Mammuthus primigenius,37349,2023-06-28,1
UPI0009C1FE2B,UniProtKB/TrEMBL,ND2,Mammuthus primigenius,37349,2023-06-28,1
UPI0009C1FFE8,UniProtKB/TrEMBL,ATP6,Mammuthus primigenius,37349,2023-06-28,1
UPI0009C20091,UniProtKB/TrEMBL,COX2,Mammuthus primigenius,37349,2023-06-28,1
UPI0009C202D7,UniProtKB/TrEMBL,ND5,Mammuthus primigenius,37349,2023-06-28,1
UPI0009C202EC,UniProtKB/TrEMBL,ND3,Mammuthus primigenius,37349,2023-06-28,1
UPI0009C20495,UniProtKB/TrEMBL,CYTB,Mammuthus primigenius,37349,2023-06-28,1
UPI0009C205CA,UniProtKB/TrEMBL,COX2,Mammuthus primigenius,37349,2023-06-28,1
UPI0009C2070C,UniProtKB/TrEMBL,CYTB,Mammuthus primigenius,37349,2023-06-28,1
UPI0009C2079F,UniProtKB/TrEMBL,COX1,Mammuthus primigenius,37349,2023-06-28,1
UPI0009C20C07,UniProtKB/TrEMBL,COX1,Mammuthus primigenius,37349,2023-06-28,1
UPI0009C20E4A,UniProtKB/TrEMBL,,Mammuthus primigenius,37349,2023-06-28,1
UPI0009C2101B,UniProtKB/TrEMBL,ATP8,Mammuthus primigenius,37349,2023-06-28,1
UPI0009C2121D,UniProtKB/TrEMBL,ATP6,Mammuthus primigenius,37349,2023-06-28,1
UPI0009C21682,UniProtKB/TrEMBL,ND2,Mammuthus primigenius,37349,2023-06-28,1
UPI0009C219B0,UniProtKB/TrEMBL,ATP8,Mammuthus primigenius,37349,2023-06-28,1
UPI0009C219B3,UniProtKB/TrEMBL,COX1,Mammuthus primigenius,37349,2023-06-28,1
UPI0009C21A37,UniProtKB/TrEMBL,COX3,Mammuthus primigenius,37349,2023-06-28,1
UPI0009C21F99,UniProtKB/TrEMBL,COX3,Mammuthus primigenius,37349,2023-06-28,1
UPI0009C223E7,UniProtKB/TrEMBL,ND1,Mammuthus primigenius,37349,2023-06-28,1
UPI0009C22455,UniProtKB/TrEMBL,COX3,Mammuthus primigenius,37349,2023-06-28,1
UPI0009C22878,UniProtKB/TrEMBL,ATP6,Mammuthus primigenius,37349,2023-06-28,1
UPI0009C22B3E,UniProtKB/TrEMBL,CYTB,Mammuthus primigenius,37349,2023-06-28,1
UPI0009C22BDB,UniProtKB/TrEMBL,COX2,Mammuthus primigenius,37349,2023-06-28,1
UPI0009C23195,UniProtKB/TrEMBL,ND5,Mammuthus primigenius,37349,2023-06-28,1
UPI0009C2334D,UniProtKB/TrEMBL,COX3,Mammuthus primigenius,37349,2023-06-28,1
UPI0009C23351,UniProtKB/TrEMBL,ND2,Mammuthus primigenius,37349,2023-06-28,1
UPI0009C236E5,UniProtKB/TrEMBL,COX2,Mammuthus primigenius,37349,2023-06-28,1
UPI0009C23CB0,UniProtKB/TrEMBL,ND2,Mammuthus primigenius,37349,2023-06-28,1
UPI0009C24001,UniProtKB/TrEMBL,ND6,Mammuthus primigenius,37349,2023-06-28,1
UPI0009C240B0,UniProtKB/TrEMBL,ND4,Mammuthus primigenius,37349,2023-06-28,1
UPI0009C2423E,UniProtKB/TrEMBL,COX1,Mammuthus primigenius,37349,2023-06-28,1
UPI0009C24285,UniProtKB/TrEMBL,ND1,Mammuthus primigenius,37349,2023-06-28,1
UPI0009C2432D,UniProtKB/TrEMBL,ND3,Mammuthus primigenius,37349,2023-06-28,1
UPI0009C24A84,UniProtKB/TrEMBL,CYTB,Mammuthus primigenius,37349,2023-06-28,1
UPI0009C24D05,UniProtKB/TrEMBL,ATP8,Mammuthus primigenius,37349,2023-06-28,1
UPI0009C24F34,UniProtKB/TrEMBL,COX2,Mammuthus primigenius,37349,2023-06-28,1
UPI0009C25019,UniProtKB/TrEMBL,ND6,Mammuthus primigenius,37349,2023-06-28,1
UPI0009C251A6,UniProtKB/TrEMBL,COX1,Mammuthus primigenius,37349,2023-06-28,1
UPI0009C25439,UniProtKB/TrEMBL,COX2,Mammuthus primigenius,37349,2023-06-28,1
UPI0009C2546C,UniProtKB/TrEMBL,ND6,Mammuthus primigenius,37349,2023-06-28,1
UPI0009C2555E,UniProtKB/TrEMBL,ND3,Mammuthus primigenius,37349,2023-06-28,1
UPI0009C259B3,UniProtKB/TrEMBL,ND4L,Mammuthus primigenius,37349,2023-06-28,1
UPI0009C25B70,UniProtKB/TrEMBL,ND6,Mammuthus primigenius,37349,2023-06-28,1
UPI0009C25C09,UniProtKB/TrEMBL,ATP6,Mammuthus primigenius,37349,2023-06-28,1
UPI0009C25C12,UniProtKB/TrEMBL,ATP6,Mammuthus primigenius,37349,2023-06-28,1
UPI0009C25EA8,UniProtKB/TrEMBL,ND4,Mammuthus primigenius,37349,2023-06-28,1
UPI0009C26837,UniProtKB/TrEMBL,ND4,Mammuthus primigenius,37349,2023-06-28,1
UPI0009C26975,UniProtKB/TrEMBL,ND3,Mammuthus primigenius,37349,2023-06-28,1
UPI0009C26B1E,UniProtKB/TrEMBL,COX2,Mammuthus primigenius,37349,2023-06-28,1
UPI0009C26B6F,UniProtKB/TrEMBL,ND5,Mammuthus primigenius,37349,2023-06-28,1
UPI0009C26D19,UniProtKB/TrEMBL,ND4L,Mammuthus primigenius,37349,2023-06-28,1
UPI0009C26F5F,UniProtKB/TrEMBL,ND4,Mammuthus primigenius,37349,2023-06-28,1
UPI0009C26F61,UniProtKB/TrEMBL,ND2,Mammuthus primigenius,37349,2023-06-28,1
UPI0009C26F72,UniProtKB/TrEMBL,ND4L,Mammuthus primigenius,37349,2023-06-28,1
UPI0009C26FA1,UniProtKB/TrEMBL,COX3,Mammuthus primigenius,37349,2023-06-28,1
UPI0009C27244,UniProtKB/TrEMBL,ND4,Mammuthus primigenius,37349,2023-06-28,1
UPI0009C27324,UniProtKB/TrEMBL,ND5,Mammuthus primigenius,37349,2023-06-28,1
UPI0009C27372,UniProtKB/TrEMBL,ND4L,Mammuthus primigenius,37349,2023-06-28,1
UPI0009C27441,UniProtKB/TrEMBL,COX3,Mammuthus primigenius,37349,2023-06-28,1
UPI0009C276C0,UniProtKB/TrEMBL,ND2,Mammuthus primigenius,37349,2023-06-28,1
UPI0009C27A59,UniProtKB/TrEMBL,ND5,Mammuthus primigenius,37349,2023-06-28,1
UPI0009C27DCB,UniProtKB/TrEMBL,ND4,Mammuthus primigenius,37349,2023-06-28,1
UPI0009C27E64,UniProtKB/TrEMBL,ND1,Mammuthus primigenius,37349,2023-06-28,1
UPI0009C27E9B,UniProtKB/TrEMBL,ND4L,Mammuthus primigenius,37349,2023-06-28,1
UPI0009C280C5,UniProtKB/TrEMBL,ND3,Mammuthus primigenius,37349,2023-06-28,1
UPI0009C28339,UniProtKB/TrEMBL,ND2,Mammuthus primigenius,37349,2023-06-28,1
UPI0009C28492,UniProtKB/TrEMBL,CYTB,Mammuthus primigenius,37349,2023-06-28,1
UPI0009C28754,UniProtKB/TrEMBL,COX3,Mammuthus primigenius,37349,2023-06-28,1
UPI0009C2876D,UniProtKB/TrEMBL,ND3,Mammuthus primigenius,37349,2023-06-28,1
UPI0009C2898D,UniProtKB/TrEMBL,COX3,Mammuthus primigenius,37349,2023-06-28,1
UPI0009C28BB0,UniProtKB/TrEMBL,ATP6,Mammuthus primigenius,37349,2023-06-28,1
UPI0009C28DD8,UniProtKB/TrEMBL,COX1,Mammuthus primigenius,37349,2023-06-28,1
UPI0009C28DF9,UniProtKB/TrEMBL,ND4L,Mammuthus primigenius,37349,2023-06-28,1
UPI0009C28EC3,UniProtKB/TrEMBL,ND1,Mammuthus primigenius,37349,2023-06-28,1
UPI0009C28F84,UniProtKB/TrEMBL,COX1,Mammuthus primigenius,37349,2023-06-28,1
UPI0009C290CD,UniProtKB/TrEMBL,ND4,Mammuthus primigenius,37349,2023-06-28,1
UPI0009C29412,UniProtKB/TrEMBL,ND4,Mammuthus primigenius,37349,2023-06-28,1
UPI0009C2983A,UniProtKB/TrEMBL,ND4L,Mammuthus primigenius,37349,2023-06-28,1
UPI0009C29D1E,UniProtKB/TrEMBL,CYTB,Mammuthus primigenius,37349,2023-06-28,1
UPI0009C2A289,UniProtKB/TrEMBL,ND1,Mammuthus primigenius,37349,2023-06-28,1
UPI0009C2A324,UniProtKB/TrEMBL,ND3,Mammuthus primigenius,37349,2023-06-28,1
UPI0009C2A376,UniProtKB/TrEMBL,ND1,Mammuthus primigenius,37349,2023-06-28,1
UPI0009C2A427,UniProtKB/TrEMBL,COX2,Mammuthus primigenius,37349,2023-06-28,1
UPI0009C2A470,UniProtKB/TrEMBL,COX3,Mammuthus primigenius,37349,2023-06-28,1
UPI0009C2AA4C,UniProtKB/TrEMBL,ND2,Mammuthus primigenius,37349,2023-06-28,1
UPI0009C2AB56,UniProtKB/TrEMBL,ATP6,Mammuthus primigenius,37349,2023-06-28,1
UPI0009C2AB8C,UniProtKB/TrEMBL,COX2,Mammuthus primigenius,37349,2023-06-28,1
UPI0009C2AB9D,UniProtKB/TrEMBL,ND5,Mammuthus primigenius,37349,2023-06-28,1
UPI0009C2AF74,UniProtKB/TrEMBL,ND4,Mammuthus primigenius,37349,2023-06-28,1
UPI0009C2B11B,UniProtKB/TrEMBL,ND4,Mammuthus primigenius,37349,2023-06-28,1
UPI0009C2B141,UniProtKB/TrEMBL,ND6,Mammuthus primigenius,37349,2023-06-28,1
UPI0009C2B2EB,UniProtKB/TrEMBL,ND6,Mammuthus primigenius,37349,2023-06-28,1
UPI0009C2B48D,UniProtKB/TrEMBL,ND2,Mammuthus primigenius,37349,2023-06-28,1
UPI0009C2B720,UniProtKB/TrEMBL,ND5,Mammuthus primigenius,37349,2023-06-28,1
UPI0009C2B916,UniProtKB/TrEMBL,COX1,Mammuthus primigenius,37349,2023-06-28,1
UPI0009C2B9CD,UniProtKB/TrEMBL,ND4,Mammuthus primigenius,37349,2023-06-28,1
UPI0009C2BA06,UniProtKB/TrEMBL,ND2,Mammuthus primigenius,37349,2023-06-28,1
UPI0009C2BDF9,UniProtKB/TrEMBL,COX3,Mammuthus primigenius,37349,2023-06-28,1
UPI0009C2BE6C,UniProtKB/TrEMBL,COX2,Mammuthus primigenius,37349,2023-06-28,1
UPI0009C2BE87,UniProtKB/TrEMBL,ND3,Mammuthus primigenius,37349,2023-06-28,1
UPI0009C2BEFF,UniProtKB/TrEMBL,ND2,Mammuthus primigenius,37349,2023-06-28,1
UPI0009C2C1DF,UniProtKB/TrEMBL,ND2,Mammuthus primigenius,37349,2023-06-28,1
UPI0009C2C1E0,UniProtKB/TrEMBL,ATP6,Mammuthus primigenius,37349,2023-06-28,1
UPI0009C2C45A,UniProtKB/TrEMBL,COX1,Mammuthus primigenius,37349,2023-06-28,1
UPI0009C2C523,UniProtKB/TrEMBL,COX2,Mammuthus primigenius,37349,2023-06-28,1
UPI0009C2C601,UniProtKB/TrEMBL,ND6,Mammuthus primigenius,37349,2023-06-28,1
UPI0009C2C622,UniProtKB/TrEMBL,ND6,Mammuthus primigenius,37349,2023-06-28,1
UPI0009C2CB44,UniProtKB/TrEMBL,ND3,Mammuthus primigenius,37349,2023-06-28,1
UPI0009C2CBC9,UniProtKB/TrEMBL,ND2,Mammuthus primigenius,37349,2023-06-28,1
UPI0009C2CC7F,UniProtKB/TrEMBL,ND4,Mammuthus primigenius,37349,2023-06-28,1
UPI0009C2CF7E,UniProtKB/TrEMBL,ND5,Mammuthus primigenius,37349,2023-06-28,1
UPI0009C2CF81,UniProtKB/TrEMBL,ND2,Mammuthus primigenius,37349,2023-06-28,1
UPI0009C2D300,UniProtKB/TrEMBL,ND2,Mammuthus primigenius,37349,2023-06-28,1
UPI0009C2D42F,UniProtKB/TrEMBL,ND6,Mammuthus primigenius,37349,2023-06-28,1
UPI0009C2D4E0,UniProtKB/TrEMBL,ND5,Mammuthus primigenius,37349,2023-06-28,1
UPI0009C2D627,UniProtKB/TrEMBL,COX1,Mammuthus primigenius,37349,2023-06-28,1
UPI0009C2D663,UniProtKB/TrEMBL,ND2,Mammuthus primigenius,37349,2023-06-28,1
UPI0009C2D81F,UniProtKB/TrEMBL,ND4,Mammuthus primigenius,37349,2023-06-28,1
UPI0009C2D952,UniProtKB/TrEMBL,COX2,Mammuthus primigenius,37349,2023-06-28,1
UPI0009C2DAE0,UniProtKB/TrEMBL,CYTB,Mammuthus primigenius,37349,2023-06-28,1
UPI0009C2DDB8,UniProtKB/TrEMBL,ND4L,Mammuthus primigenius,37349,2023-06-28,1
UPI0009C2DE70,UniProtKB/TrEMBL,ND1,Mammuthus primigenius,37349,2023-06-28,1
UPI0009C2DEDE,UniProtKB/TrEMBL,ND5,Mammuthus primigenius,37349,2023-06-28,1
UPI0009C2DF7E,UniProtKB/TrEMBL,COX1,Mammuthus primigenius,37349,2023-06-28,1
UPI0009C2E0BA,UniProtKB/TrEMBL,ND6,Mammuthus primigenius,37349,2023-06-28,1
UPI0009C2E183,UniProtKB/TrEMBL,ND5,Mammuthus primigenius,37349,2023-06-28,1
UPI0009C2E22F,UniProtKB/TrEMBL,CYTB,Mammuthus primigenius,37349,2023-06-28,1
UPI0009C2E50A,UniProtKB/TrEMBL,ATP6,Mammuthus primigenius,37349,2023-06-28,1
UPI0009C2E5AC,UniProtKB/TrEMBL,ATP6,Mammuthus primigenius,37349,2023-06-28,1
UPI0009C2ECC4,UniProtKB/TrEMBL,ND4,Mammuthus primigenius,37349,2023-06-28,1
UPI0009C2ED52,UniProtKB/TrEMBL,ND5,Mammuthus primigenius,37349,2023-06-28,1
UPI0009C2EFE8,UniProtKB/TrEMBL,CYTB,Mammuthus primigenius,37349,2023-06-28,1
UPI0009C2F0AD,UniProtKB/TrEMBL,ATP6,Mammuthus primigenius,37349,2023-06-28,1
UPI0009C2F250,UniProtKB/TrEMBL,COX2,Mammuthus primigenius,37349,2023-06-28,1
UPI0009C2F545,UniProtKB/TrEMBL,CYTB,Mammuthus primigenius,37349,2023-06-28,1
UPI0009C2F5D6,UniProtKB/TrEMBL,ATP8,Mammuthus primigenius,37349,2023-06-28,1
UPI0009C2FB58,UniProtKB/TrEMBL,COX1,Mammuthus primigenius,37349,2023-06-28,1
UPI0009C3001A,UniProtKB/TrEMBL,ND2,Mammuthus primigenius,37349,2023-06-28,1
UPI0009C303A1,UniProtKB/TrEMBL,ND5,Mammuthus primigenius,37349,2023-06-28,1
UPI0009C30454,UniProtKB/TrEMBL,ND3,Mammuthus primigenius,37349,2023-06-28,1
UPI0009C30521,UniProtKB/TrEMBL,ND5,Mammuthus primigenius,37349,2023-06-28,1
UPI0009C30561,UniProtKB/TrEMBL,CYTB,Mammuthus primigenius,37349,2023-06-28,1
UPI0009C30574,UniProtKB/TrEMBL,ATP6,Mammuthus primigenius,37349,2023-06-28,1
UPI0009C30B25,UniProtKB/TrEMBL,ND5,Mammuthus primigenius,37349,2023-06-28,1
UPI0009C30B43,UniProtKB/TrEMBL,ND5,Mammuthus primigenius,37349,2023-06-28,1
UPI0009C30CCB,UniProtKB/TrEMBL,COX3,Mammuthus primigenius,37349,2023-06-28,1
UPI0009C30D6F,UniProtKB/TrEMBL,CYTB,Mammuthus primigenius,37349,2023-06-28,1
UPI0009C30E8C,UniProtKB/TrEMBL,ND1,Mammuthus primigenius,37349,2023-06-28,1
UPI0009C312D7,UniProtKB/TrEMBL,CYTB,Mammuthus primigenius,37349,2023-06-28,1
UPI0009C31699,UniProtKB/TrEMBL,ND1,Mammuthus primigenius,37349,2023-06-28,1
UPI0009C3171D,UniProtKB/TrEMBL,ND5,Mammuthus primigenius,37349,2023-06-28,1
UPI0009C31E53,UniProtKB/TrEMBL,COX3,Mammuthus primigenius,37349,2023-06-28,1
UPI0009C31FB6,UniProtKB/TrEMBL,ND3,Mammuthus primigenius,37349,2023-06-28,1
UPI0009C31FC2,UniProtKB/TrEMBL,COX3,Mammuthus primigenius,37349,2023-06-28,1
UPI0009C320A3,UniProtKB/TrEMBL,ND1,Mammuthus primigenius,37349,2023-06-28,1
UPI0009C321BA,UniProtKB/TrEMBL,ND6,Mammuthus primigenius,37349,2023-06-28,1
UPI0009C32295,UniProtKB/TrEMBL,COX2,Mammuthus primigenius,37349,2023-06-28,1
UPI0009C32494,UniProtKB/TrEMBL,COX3,Mammuthus primigenius,37349,2023-06-28,1
UPI0009C324C5,UniProtKB/TrEMBL,ND4L,Mammuthus primigenius,37349,2023-06-28,1
UPI0009C325E9,UniProtKB/TrEMBL,COX2,Mammuthus primigenius,37349,2023-06-28,1
UPI0009C32887,UniProtKB/TrEMBL,CYTB,Mammuthus primigenius,37349,2023-06-28,1
UPI0009C329EB,UniProtKB/TrEMBL,ND4L,Mammuthus primigenius,37349,2023-06-28,1
UPI0009C32AB8,UniProtKB/TrEMBL,ATP8,Mammuthus primigenius,37349,2023-06-28,1
UPI0009C32C4C,UniProtKB/TrEMBL,ATP6,Mammuthus primigenius,37349,2023-06-28,1
UPI0009C32DB1,UniProtKB/TrEMBL,ND4,Mammuthus primigenius,37349,2023-06-28,1
UPI0009C32E63,UniProtKB/TrEMBL,ND2,Mammuthus primigenius,37349,2023-06-28,1
UPI0009C32F3D,UniProtKB/TrEMBL,ND5,Mammuthus primigenius,37349,2023-06-28,1
UPI0009C32FA1,UniProtKB/TrEMBL,ND4L,Mammuthus primigenius,37349,2023-06-28,1
UPI0009C3307E,UniProtKB/TrEMBL,COX2,Mammuthus primigenius,37349,2023-06-28,1
UPI0009C33693,UniProtKB/TrEMBL,ND3,Mammuthus primigenius,37349,2023-06-28,1
UPI0009C3376C,UniProtKB/TrEMBL,ND2,Mammuthus primigenius,37349,2023-06-28,1
UPI0009C3394B,UniProtKB/TrEMBL,ND4,Mammuthus primigenius,37349,2023-06-28,1
UPI0009C33A9B,UniProtKB/TrEMBL,ND1,Mammuthus primigenius,37349,2023-06-28,1
UPI0009C33E3B,UniProtKB/TrEMBL,ND4,Mammuthus primigenius,37349,2023-06-28,1
UPI0009C33E4C,UniProtKB/TrEMBL,ATP6,Mammuthus primigenius,37349,2023-06-28,1
UPI0009C33E75,UniProtKB/TrEMBL,ATP8,Mammuthus primigenius,37349,2023-06-28,1
UPI0009C34131,UniProtKB/TrEMBL,ND3,Mammuthus primigenius,37349,2023-06-28,1
UPI0009C341D4,UniProtKB/TrEMBL,ND5,Mammuthus primigenius,37349,2023-06-28,1
UPI0009C3429D,UniProtKB/TrEMBL,ND6,Mammuthus primigenius,37349,2023-06-28,1
UPI0009C34488,UniProtKB/TrEMBL,ND1,Mammuthus primigenius,37349,2023-06-28,1
UPI0009C34855,UniProtKB/TrEMBL,COX1,Mammuthus primigenius,37349,2023-06-28,1
UPI0009C3502C,UniProtKB/TrEMBL,ATP6,Mammuthus primigenius,37349,2023-06-28,1
UPI0009C35061,UniProtKB/TrEMBL,CYTB,Mammuthus primigenius,37349,2023-06-28,1
UPI0009C35562,UniProtKB/TrEMBL,ND1,Mammuthus primigenius,37349,2023-06-28,1
UPI0009C35954,UniProtKB/TrEMBL,ND5,Mammuthus primigenius,37349,2023-06-28,1
UPI0009C35D80,UniProtKB/TrEMBL,ND1,Mammuthus primigenius,37349,2023-06-28,1
UPI0009C35E4E,UniProtKB/TrEMBL,ND5,Mammuthus primigenius,37349,2023-06-28,1
UPI0009C35F01,UniProtKB/TrEMBL,COX3,Mammuthus primigenius,37349,2023-06-28,1
UPI0009C35FC0,UniProtKB/TrEMBL,ND2,Mammuthus primigenius,37349,2023-06-28,1
UPI0009C36204,UniProtKB/TrEMBL,CYTB,Mammuthus primigenius,37349,2023-06-28,1
UPI0009C36434,UniProtKB/TrEMBL,COX3,Mammuthus primigenius,37349,2023-06-28,1
UPI0009C366E8,UniProtKB/TrEMBL,ND4,Mammuthus primigenius,37349,2023-06-28,1
UPI0009C3685A,UniProtKB/TrEMBL,ND1,Mammuthus primigenius,37349,2023-06-28,1
UPI0009C368AF,UniProtKB/TrEMBL,ND1,Mammuthus primigenius,37349,2023-06-28,1
UPI0009C36C11,UniProtKB/TrEMBL,ND4L,Mammuthus primigenius,37349,2023-06-28,1
UPI0009C36C2B,UniProtKB/TrEMBL,ND3,Mammuthus primigenius,37349,2023-06-28,1
UPI0009C36C56,UniProtKB/TrEMBL,COX2,Mammuthus primigenius,37349,2023-06-28,1
UPI0009C36CC9,UniProtKB/TrEMBL,ND2,Mammuthus primigenius,37349,2023-06-28,1
UPI0009C36E6A,UniProtKB/TrEMBL,ATP6,Mammuthus primigenius,37349,2023-06-28,1
UPI0009C36EFE,UniProtKB/TrEMBL,ND6,Mammuthus primigenius,37349,2023-06-28,1
UPI0009C3746E,UniProtKB/TrEMBL,ATP6,Mammuthus primigenius,37349,2023-06-28,1
UPI0009C3777A,UniProtKB/TrEMBL,ND1,Mammuthus primigenius,37349,2023-06-28,1
UPI0009C37A82,UniProtKB/TrEMBL,ND3,Mammuthus primigenius,37349,2023-06-28,1
UPI0009C37AE4,UniProtKB/TrEMBL,ATP6,Mammuthus primigenius,37349,2023-06-28,1
UPI0009C37D51,UniProtKB/TrEMBL,COX1,Mammuthus primigenius,37349,2023-06-28,1
UPI0009C3802F,UniProtKB/TrEMBL,CYTB,Mammuthus primigenius,37349,2023-06-28,1
UPI0009C38216,UniProtKB/TrEMBL,ATP8,Mammuthus primigenius,37349,2023-06-28,1
UPI0009C38564,UniProtKB/TrEMBL,ND2,Mammuthus primigenius,37349,2023-06-28,1
UPI0009C3860D,UniProtKB/TrEMBL,COX1,Mammuthus primigenius,37349,2023-06-28,1
UPI0009C38793,UniProtKB/TrEMBL,COX2,Mammuthus primigenius,37349,2023-06-28,1
UPI0009C38C6F,UniProtKB/TrEMBL,COX3,Mammuthus primigenius,37349,2023-06-28,1
UPI0009C38FF7,UniProtKB/TrEMBL,ATP6,Mammuthus primigenius,37349,2023-06-28,1
UPI0009C390F7,UniProtKB/TrEMBL,ND3,Mammuthus primigenius,37349,2023-06-28,1
UPI0009C3913E,UniProtKB/TrEMBL,ND5,Mammuthus primigenius,37349,2023-06-28,1
UPI0009C39153,UniProtKB/TrEMBL,ND3,Mammuthus primigenius,37349,2023-06-28,1
UPI0009C392A9,UniProtKB/TrEMBL,ND4,Mammuthus primigenius,37349,2023-06-28,1
UPI0009C392EB,UniProtKB/TrEMBL,ATP6,Mammuthus primigenius,37349,2023-06-28,1
UPI0009C394A7,UniProtKB/TrEMBL,ND1,Mammuthus primigenius,37349,2023-06-28,1
UPI0009C39594,UniProtKB/TrEMBL,ND4L,Mammuthus primigenius,37349,2023-06-28,1
UPI0009C39597,UniProtKB/TrEMBL,COX3,Mammuthus primigenius,37349,2023-06-28,1
UPI0009C39634,UniProtKB/TrEMBL,ND4,Mammuthus primigenius,37349,2023-06-28,1
UPI0009C39722,UniProtKB/TrEMBL,COX1,Mammuthus primigenius,37349,2023-06-28,1
UPI0009C3980C,UniProtKB/TrEMBL,ND6,Mammuthus primigenius,37349,2023-06-28,1
UPI0009C3996D,UniProtKB/TrEMBL,ND2,Mammuthus primigenius,37349,2023-06-28,1
UPI0009C39BA2,UniProtKB/TrEMBL,ATP6,Mammuthus primigenius,37349,2023-06-28,1
UPI0009C39DE7,UniProtKB/TrEMBL,ND6,Mammuthus primigenius,37349,2023-06-28,1
UPI0009C3A09C,UniProtKB/TrEMBL,COX3,Mammuthus primigenius,37349,2023-06-28,1
UPI0009C3A8E0,UniProtKB/TrEMBL,ND2,Mammuthus primigenius,37349,2023-06-28,1
UPI0009C3A91B,UniProtKB/TrEMBL,ND6,Mammuthus primigenius,37349,2023-06-28,1
UPI0009C3ACB6,UniProtKB/TrEMBL,ND5,Mammuthus primigenius,37349,2023-06-28,1
UPI0009C3B600,UniProtKB/TrEMBL,ND4,Mammuthus primigenius,37349,2023-06-28,1
UPI0009C3B74D,UniProtKB/TrEMBL,ND4,Mammuthus primigenius,37349,2023-06-28,1
UPI0009C3BA4C,UniProtKB/TrEMBL,CYTB,Mammuthus primigenius,37349,2023-06-28,1
UPI0009C3BB62,UniProtKB/TrEMBL,CYTB,Mammuthus primigenius,37349,2023-06-28,1
UPI0009C3BC47,UniProtKB/TrEMBL,COX3,Mammuthus primigenius,37349,2023-06-28,1
UPI0009C3BDA8,UniProtKB/TrEMBL,ND2,Mammuthus primigenius,37349,2023-06-28,1
UPI0009C3BDBE,UniProtKB/TrEMBL,COX1,Mammuthus primigenius,37349,2023-06-28,1
UPI0009C3BE39,UniProtKB/TrEMBL,CYTB,Mammuthus primigenius,37349,2023-06-28,1
UPI0009C3BFFC,UniProtKB/TrEMBL,COX3,Mammuthus primigenius,37349,2023-06-28,1
UPI0009C3C162,UniProtKB/TrEMBL,ND3,Mammuthus primigenius,37349,2023-06-28,1
UPI0009C3C3D1,UniProtKB/TrEMBL,ND1,Mammuthus primigenius,37349,2023-06-28,1
UPI0009C3C5E9,UniProtKB/TrEMBL,ND5,Mammuthus primigenius,37349,2023-06-28,1
UPI0009C3CA7E,UniProtKB/TrEMBL,ND4,Mammuthus primigenius,37349,2023-06-28,1
UPI0009C3CC6E,UniProtKB/TrEMBL,ATP8,Mammuthus primigenius,37349,2023-06-28,1
UPI0009C3CC92,UniProtKB/TrEMBL,ND3,Mammuthus primigenius,37349,2023-06-28,1
UPI0009C3CD67,UniProtKB/TrEMBL,COX1,Mammuthus primigenius,37349,2023-06-28,1
UPI0009C3CD94,UniProtKB/TrEMBL,COX2,Mammuthus primigenius,37349,2023-06-28,1
UPI0009C3CFEA,UniProtKB/TrEMBL,ATP6,Mammuthus primigenius,37349,2023-06-28,1
UPI0009C3D1C5,UniProtKB/TrEMBL,ND5,Mammuthus primigenius,37349,2023-06-28,1
UPI0009C3D2BD,UniProtKB/TrEMBL,ATP6,Mammuthus primigenius,37349,2023-06-28,1
UPI0009C3D4D9,UniProtKB/TrEMBL,CYTB,Mammuthus primigenius,37349,2023-06-28,1
UPI0009C3D634,UniProtKB/TrEMBL,ND6,Mammuthus primigenius,37349,2023-06-28,1
UPI0009C3D750,UniProtKB/TrEMBL,ATP6,Mammuthus primigenius,37349,2023-06-28,1
UPI0009C3DCD4,UniProtKB/TrEMBL,COX1,Mammuthus primigenius,37349,2023-06-28,1
UPI0009C3DEF5,UniProtKB/TrEMBL,ATP6,Mammuthus primigenius,37349,2023-06-28,1
UPI0009E0EC2D,UniProtKB/TrEMBL,ND1,Mammuthus sp. Bechan Cave,1975613,2023-06-28,1
UPI0009E0EF30,UniProtKB/TrEMBL,ND5,Mammuthus sp. Bechan Cave,1975613,2023-06-28,1
UPI0009E0F6C0,UniProtKB/TrEMBL,CYTB,Mammuthus sp. Bechan Cave,1975613,2023-06-28,1
UPI0009E0FECB,UniProtKB/TrEMBL,ND4L,Mammuthus sp. Bechan Cave,1975613,2023-06-28,1
UPI0009E0FFF9,UniProtKB/TrEMBL,ND4,Mammuthus sp. Bechan Cave,1975613,2023-06-28,1
UPI0009E100A2,UniProtKB/TrEMBL,ND2,Mammuthus sp. Bechan Cave,1975613,2023-06-28,1
UPI0009E103E1,UniProtKB/TrEMBL,ATP6,Mammuthus sp. Bechan Cave,1975613,2023-06-28,1
UPI0009E12037,UniProtKB/TrEMBL,ND3,Mammuthus sp. Bechan Cave,1975613,2023-06-28,1
UPI0009E12B8E,UniProtKB/TrEMBL,ND6,Mammuthus sp. Bechan Cave,1975613,2023-06-28,1
UPI0009E12C8F,UniProtKB/TrEMBL,COX3,Mammuthus sp. Bechan Cave,1975613,2023-06-28,1
UPI0009E1356D,UniProtKB/TrEMBL,COX1,Mammuthus sp. Bechan Cave,1975613,2023-06-28,1
UPI0009E13C70,UniProtKB/TrEMBL,ATP8,Mammuthus sp. Bechan Cave,1975613,2023-06-28,1
UPI0009E14608,UniProtKB/TrEMBL,COX2,Mammuthus sp. Bechan Cave,1975613,2023-06-28,1
UPI000E28D00F,UniProtKB/TrEMBL,CYTB,Mammuthus primigenius,37349,2023-06-28,1
UPI000E28D583,UniProtKB/TrEMBL,ATP6,Mammuthus primigenius,37349,2023-06-28,1
UPI000E28D632,UniProtKB/TrEMBL,COX3,Mammuthus primigenius,37349,2023-06-28,1
UPI000E28D814,UniProtKB/TrEMBL,COX2,Mammuthus primigenius,37349,2023-06-28,1
UPI000E28D98D,UniProtKB/TrEMBL,ND1,Mammuthus primigenius,37349,2023-06-28,1
UPI000E28DB5C,UniProtKB/TrEMBL,ATP6,Mammuthus primigenius,37349,2023-06-28,1
UPI000E28DE4B,UniProtKB/TrEMBL,CYTB,Mammuthus primigenius,37349,2023-06-28,1
UPI000E28E4F7,UniProtKB/TrEMBL,ND6,Mammuthus primigenius,37349,2023-06-28,1
UPI000E28E667,UniProtKB/TrEMBL,COX2,Mammuthus primigenius,37349,2023-06-28,1
UPI000E28E674,UniProtKB/TrEMBL,ND4L,Mammuthus primigenius,37349,2023-06-28,1
UPI000E28EA21,UniProtKB/TrEMBL,ND4,Mammuthus primigenius,37349,2023-06-28,1
UPI000E28EBA9,UniProtKB/TrEMBL,CYTB,Mammuthus primigenius,37349,2023-06-28,1
UPI000E28ECF3,UniProtKB/TrEMBL,ND3,Mammuthus primigenius,37349,2023-06-28,1
UPI000E28ED4B,UniProtKB/TrEMBL,ND2,Mammuthus primigenius,37349,2023-06-28,1
UPI000E28EE74,UniProtKB/TrEMBL,ND6,Mammuthus primigenius,37349,2023-06-28,1
UPI000E28EF6F,UniProtKB/TrEMBL,COX3,Mammuthus primigenius,37349,2023-06-28,1
UPI000E28FC1E,UniProtKB/TrEMBL,ND4,Mammuthus primigenius,37349,2023-06-28,1
UPI000E28FD08,UniProtKB/TrEMBL,CYTB,Mammuthus primigenius,37349,2023-06-28,1
UPI000E2900C6,UniProtKB/TrEMBL,COX2,Mammuthus primigenius,37349,2023-06-28,1
UPI000E2901DF,UniProtKB/TrEMBL,ATP6,Mammuthus primigenius,37349,2023-06-28,1
UPI000E290514,UniProtKB/TrEMBL,ND5,Mammuthus primigenius,37349,2023-06-28,1
UPI000E290545,UniProtKB/TrEMBL,ND2,Mammuthus primigenius,37349,2023-06-28,1
UPI000E290748,UniProtKB/TrEMBL,CYTB,Mammuthus primigenius,37349,2023-06-28,1
UPI000E290802,UniProtKB/TrEMBL,ND5,Mammuthus primigenius,37349,2023-06-28,1
UPI000E290833,UniProtKB/TrEMBL,ND6,Mammuthus primigenius,37349,2023-06-28,1
UPI000E291432,UniProtKB/TrEMBL,ND5,Mammuthus primigenius,37349,2023-06-28,1
UPI000E2916E3,UniProtKB/TrEMBL,ND4,Mammuthus primigenius,37349,2023-06-28,1
UPI000E2917D4,UniProtKB/TrEMBL,ND1,Mammuthus primigenius,37349,2023-06-28,1
UPI000E2919C0,UniProtKB/TrEMBL,COX3,Mammuthus primigenius,37349,2023-06-28,1
UPI000E291B0E,UniProtKB/TrEMBL,ND1,Mammuthus primigenius,37349,2023-06-28,1
UPI000E291C26,UniProtKB/TrEMBL,ND1,Mammuthus primigenius,37349,2023-06-28,1
UPI000E2925ED,UniProtKB/TrEMBL,COX2,Mammuthus primigenius,37349,2023-06-28,1
UPI000E292894,UniProtKB/TrEMBL,ATP6,Mammuthus primigenius,37349,2023-06-28,1
UPI000E2929DD,UniProtKB/TrEMBL,COX3,Mammuthus primigenius,37349,2023-06-28,1
UPI000E292A83,UniProtKB/TrEMBL,COX2,Mammuthus primigenius,37349,2023-06-28,1
UPI000E293122,UniProtKB/TrEMBL,ND4,Mammuthus primigenius,37349,2023-06-28,1
UPI000E2931BD,UniProtKB/TrEMBL,ND4L,Mammuthus primigenius,37349,2023-06-28,1
UPI000E29325A,UniProtKB/TrEMBL,ND2,Mammuthus primigenius,37349,2023-06-28,1
UPI000E293430,UniProtKB/TrEMBL,COX2,Mammuthus primigenius,37349,2023-06-28,1
UPI000E29355A,UniProtKB/TrEMBL,ND3,Mammuthus primigenius,37349,2023-06-28,1
UPI000E29392F,UniProtKB/TrEMBL,ND4,Mammuthus primigenius,37349,2023-06-28,1
UPI000E293C2A,UniProtKB/TrEMBL,ND1,Mammuthus primigenius,37349,2023-06-28,1
UPI000E293F0F,UniProtKB/TrEMBL,ND4,Mammuthus primigenius,37349,2023-06-28,1
UPI000E293F34,UniProtKB/TrEMBL,ND3,Mammuthus primigenius,37349,2023-06-28,1
UPI000E293FBD,UniProtKB/TrEMBL,CYTB,Mammuthus primigenius,37349,2023-06-28,1
UPI000E294007,UniProtKB/TrEMBL,ND5,Mammuthus primigenius,37349,2023-06-28,1
UPI000E2943E1,UniProtKB/TrEMBL,ND1,Mammuthus primigenius,37349,2023-06-28,1
UPI000E2944DD,UniProtKB/TrEMBL,COX3,Mammuthus primigenius,37349,2023-06-28,1
UPI000E29498A,UniProtKB/TrEMBL,CYTB,Mammuthus primigenius,37349,2023-06-28,1
UPI000E294C0D,UniProtKB/TrEMBL,ND2,Mammuthus primigenius,37349,2023-06-28,1
UPI000E294C48,UniProtKB/TrEMBL,COX3,Mammuthus primigenius,37349,2023-06-28,1
UPI000E294CDE,UniProtKB/TrEMBL,COX3,Mammuthus primigenius,37349,2023-06-28,1
UPI000E294CE2,UniProtKB/TrEMBL,ND2,Mammuthus primigenius,37349,2023-06-28,1
UPI000E2951DC,UniProtKB/TrEMBL,ND4L,Mammuthus primigenius,37349,2023-06-28,1
UPI000E29527C,UniProtKB/TrEMBL,COX1,Mammuthus primigenius,37349,2023-06-28,1
UPI000E295295,UniProtKB/TrEMBL,ND2,Mammuthus primigenius,37349,2023-06-28,1
UPI000E29543E,UniProtKB/TrEMBL,ND5,Mammuthus primigenius,37349,2023-06-28,1
UPI000E295BF5,UniProtKB/TrEMBL,ND6,Mammuthus primigenius,37349,2023-06-28,1
UPI000E295CC7,UniProtKB/TrEMBL,ND1,Mammuthus primigenius,37349,2023-06-28,1
UPI000E2965AC,UniProtKB/TrEMBL,ATP8,Mammuthus primigenius,37349,2023-06-28,1
UPI000E2965C8,UniProtKB/TrEMBL,ND5,Mammuthus primigenius,37349,2023-06-28,1
UPI000E29683B,UniProtKB/TrEMBL,ATP6,Mammuthus primigenius,37349,2023-06-28,1
UPI000E2968F8,UniProtKB/TrEMBL,COX3,Mammuthus primigenius,37349,2023-06-28,1
UPI000E296CBB,UniProtKB/TrEMBL,ATP6,Mammuthus primigenius,37349,2023-06-28,1
UPI000E296CC3,UniProtKB/TrEMBL,COX1,Mammuthus primigenius,37349,2023-06-28,1
UPI000E296D1C,UniProtKB/TrEMBL,ATP8,Mammuthus primigenius,37349,2023-06-28,1
UPI000E296D89,UniProtKB/TrEMBL,CYTB,Mammuthus primigenius,37349,2023-06-28,1
UPI000E2971CD,UniProtKB/TrEMBL,COX2,Mammuthus primigenius,37349,2023-06-28,1
UPI000E297355,UniProtKB/TrEMBL,ND3,Mammuthus primigenius,37349,2023-06-28,1
UPI000E2973F6,UniProtKB/TrEMBL,CYTB,Mammuthus primigenius,37349,2023-06-28,1
UPI000E29750A,UniProtKB/TrEMBL,ATP6,Mammuthus primigenius,37349,2023-06-28,1
UPI000E297E26,UniProtKB/TrEMBL,ATP8,Mammuthus primigenius,37349,2023-06-28,1
UPI000E297E81,UniProtKB/TrEMBL,CYTB,Mammuthus primigenius,37349,2023-06-28,1
UPI000E2983E4,UniProtKB/TrEMBL,ND2,Mammuthus primigenius,37349,2023-06-28,1
UPI000E2984B7,UniProtKB/TrEMBL,COX1,Mammuthus primigenius,37349,2023-06-28,1
UPI000E29850E,UniProtKB/TrEMBL,ND2,Mammuthus primigenius,37349,2023-06-28,1
UPI000E2988B0,UniProtKB/TrEMBL,ND4,Mammuthus primigenius,37349,2023-06-28,1
UPI000E298919,UniProtKB/TrEMBL,ND6,Mammuthus primigenius,37349,2023-06-28,1
UPI000E299087,UniProtKB/TrEMBL,ND3,Mammuthus primigenius,37349,2023-06-28,1
UPI000E2992C9,UniProtKB/TrEMBL,ND2,Mammuthus primigenius,37349,2023-06-28,1
UPI000E2996F3,UniProtKB/TrEMBL,ND5,Mammuthus primigenius,37349,2023-06-28,1
UPI000E299786,UniProtKB/TrEMBL,CYTB,Mammuthus primigenius,37349,2023-06-28,1
UPI000E29988D,UniProtKB/TrEMBL,ATP6,Mammuthus primigenius,37349,2023-06-28,1
UPI000E299A8C,UniProtKB/TrEMBL,ND4,Mammuthus primigenius,37349,2023-06-28,1
UPI000E299D3E,UniProtKB/TrEMBL,COX2,Mammuthus primigenius,37349,2023-06-28,1
UPI000E299FDB,UniProtKB/TrEMBL,COX3,Mammuthus primigenius,37349,2023-06-28,1
UPI000E29A103,UniProtKB/TrEMBL,ND4,Mammuthus primigenius,37349,2023-06-28,1
UPI000E29A1F2,UniProtKB/TrEMBL,CYTB,Mammuthus primigenius,37349,2023-06-28,1
UPI000E29A425,UniProtKB/TrEMBL,ATP6,Mammuthus primigenius,37349,2023-06-28,1
UPI000E29A6B4,UniProtKB/TrEMBL,ND1,Mammuthus primigenius,37349,2023-06-28,1
UPI000E29A940,UniProtKB/TrEMBL,CYTB,Mammuthus primigenius,37349,2023-06-28,1
UPI000E29A9C3,UniProtKB/TrEMBL,CYTB,Mammuthus primigenius,37349,2023-06-28,1
UPI000E29ABE7,UniProtKB/TrEMBL,COX1,Mammuthus primigenius,37349,2023-06-28,1
UPI000E29B698,UniProtKB/TrEMBL,ND5,Mammuthus primigenius,37349,2023-06-28,1
UPI000E29B6C4,UniProtKB/TrEMBL,ND4,Mammuthus primigenius,37349,2023-06-28,1
UPI000E29B75E,UniProtKB/TrEMBL,COX3,Mammuthus primigenius,37349,2023-06-28,1
UPI000E29BAA6,UniProtKB/TrEMBL,COX3,Mammuthus primigenius,37349,2023-06-28,1
UPI000E29BEB5,UniProtKB/TrEMBL,ND4,Mammuthus primigenius,37349,2023-06-28,1
UPI000E29C003,UniProtKB/TrEMBL,COX1,Mammuthus primigenius,37349,2023-06-28,1
UPI000E29C1B7,UniProtKB/TrEMBL,COX3,Mammuthus primigenius,37349,2023-06-28,1
UPI000E29C1FD,UniProtKB/TrEMBL,ATP6,Mammuthus primigenius,37349,2023-06-28,1
UPI000E29C236,UniProtKB/TrEMBL,ATP8,Mammuthus primigenius,37349,2023-06-28,1
UPI000E29C381,UniProtKB/TrEMBL,ND6,Mammuthus primigenius,37349,2023-06-28,1
UPI000E29CDD3,UniProtKB/TrEMBL,COX1,Mammuthus primigenius,37349,2023-06-28,1
UPI000E29D09C,UniProtKB/TrEMBL,ND4,Mammuthus primigenius,37349,2023-06-28,1
UPI000E29D374,UniProtKB/TrEMBL,ND6,Mammuthus primigenius,37349,2023-06-28,1
UPI000E29D549,UniProtKB/TrEMBL,ND2,Mammuthus primigenius,37349,2023-06-28,1
UPI000E29D89A,UniProtKB/TrEMBL,COX2,Mammuthus primigenius,37349,2023-06-28,1
UPI000E29DFB9,UniProtKB/TrEMBL,CYTB,Mammuthus primigenius,37349,2023-06-28,1
UPI000E29E248,UniProtKB/TrEMBL,CYTB,Mammuthus primigenius,37349,2023-06-28,1
UPI000E29E576,UniProtKB/TrEMBL,ND3,Mammuthus primigenius,37349,2023-06-28,1
UPI000E29EC89,UniProtKB/TrEMBL,ND3,Mammuthus primigenius,37349,2023-06-28,1
UPI000E29EDA7,UniProtKB/TrEMBL,ATP6,Mammuthus primigenius,37349,2023-06-28,1
UPI000E29EDB6,UniProtKB/TrEMBL,CYTB,Mammuthus primigenius,37349,2023-06-28,1
UPI000E29EEF2,UniProtKB/TrEMBL,COX1,Mammuthus primigenius,37349,2023-06-28,1
UPI000E29F603,UniProtKB/TrEMBL,ND1,Mammuthus primigenius,37349,2023-06-28,1
UPI000E29F86A,UniProtKB/TrEMBL,ND5,Mammuthus primigenius,37349,2023-06-28,1
UPI000F0BE519,UniProtKB/TrEMBL,ND2,Mammuthus primigenius,37349,2023-06-28,1
UPI000F0BE6CE,UniProtKB/TrEMBL,ATP6,Mammuthus primigenius,37349,2023-06-28,1
UPI000F0BF4F9,UniProtKB/TrEMBL,ATP6,Mammuthus primigenius,37349,2023-06-28,1
UPI000F0BF599,UniProtKB/TrEMBL,ND4,Mammuthus primigenius,37349,2023-06-28,1
UPI000F0BF722,UniProtKB/TrEMBL,ND6,Mammuthus primigenius,37349,2023-06-28,1
UPI000F0BFC4C,UniProtKB/TrEMBL,ND4,Mammuthus primigenius,37349,2023-06-28,1
UPI000F0C0D3C,UniProtKB/TrEMBL,ND1,Mammuthus primigenius,37349,2023-06-28,1
UPI000F0C1090,UniProtKB/TrEMBL,ND2,Mammuthus primigenius,37349,2023-06-28,1
UPI000F0C117D,UniProtKB/TrEMBL,ND3,Mammuthus primigenius,37349,2023-06-28,1
UPI000F0C1559,UniProtKB/TrEMBL,ND6,Mammuthus primigenius,37349,2023-06-28,1
UPI000F0C174E,UniProtKB/TrEMBL,COX2,Mammuthus primigenius,37349,2023-06-28,1
UPI000F0C1907,UniProtKB/TrEMBL,CYTB,Mammuthus primigenius,37349,2023-06-28,1
UPI000F0C1970,UniProtKB/TrEMBL,ND3,Mammuthus primigenius,37349,2023-06-28,1
UPI000F0C1F60,UniProtKB/TrEMBL,COX2,Mammuthus primigenius,37349,2023-06-28,1
UPI000F0C2532,UniProtKB/TrEMBL,COX3,Mammuthus primigenius,37349,2023-06-28,1
UPI000F0C2A0B,UniProtKB/TrEMBL,COX1,Mammuthus primigenius,37349,2023-06-28,1
UPI000F0C31C6,UniProtKB/TrEMBL,ND5,Mammuthus primigenius,37349,2023-06-28,1
UPI000F0C3213,UniProtKB/TrEMBL,ATP6,Mammuthus primigenius,37349,2023-06-28,1
UPI000F0C342D,UniProtKB/TrEMBL,COX1,Mammuthus primigenius,37349,2023-06-28,1
UPI000F0C37A9,UniProtKB/TrEMBL,ND4L,Mammuthus primigenius,37349,2023-06-28,1
UPI000F0C3BB5,UniProtKB/TrEMBL,ND3,Mammuthus primigenius,37349,2023-06-28,1
UPI000F0C3C8C,UniProtKB/TrEMBL,ND2,Mammuthus primigenius,37349,2023-06-28,1
UPI000F0C45F5,UniProtKB/TrEMBL,COX1,Mammuthus primigenius,37349,2023-06-28,1
UPI000F0C4784,UniProtKB/TrEMBL,CYTB,Mammuthus primigenius,37349,2023-06-28,1
UPI000F0C4E2D,UniProtKB/TrEMBL,CYTB,Mammuthus primigenius,37349,2023-06-28,1
UPI000F0C4FEF,UniProtKB/TrEMBL,ND5,Mammuthus primigenius,37349,2023-06-28,1
UPI000F0C5769,UniProtKB/TrEMBL,COX2,Mammuthus primigenius,37349,2023-06-28,1
UPI000F0C5B2B,UniProtKB/TrEMBL,ND2,Mammuthus primigenius,37349,2023-06-28,1
UPI000F0C5D3D,UniProtKB/TrEMBL,ATP6,Mammuthus primigenius,37349,2023-06-28,1
UPI000F0C5EF8,UniProtKB/TrEMBL,ND1,Mammuthus primigenius,37349,2023-06-28,1
UPI000F0C6086,UniProtKB/TrEMBL,COX1,Mammuthus primigenius,37349,2023-06-28,1
UPI000F0C612B,UniProtKB/TrEMBL,COX3,Mammuthus primigenius,37349,2023-06-28,1
UPI000F0C6287,UniProtKB/TrEMBL,ND1,Mammuthus primigenius,37349,2023-06-28,1
UPI000F0C6E71,UniProtKB/TrEMBL,ATP6,Mammuthus primigenius,37349,2023-06-28,1
UPI000F0C7B94,UniProtKB/TrEMBL,ATP8,Mammuthus primigenius,37349,2023-06-28,1
UPI000F0C7F3E,UniProtKB/TrEMBL,COX1,Mammuthus primigenius,37349,2023-06-28,1
UPI000F0C813E,UniProtKB/TrEMBL,ND5,Mammuthus primigenius,37349,2023-06-28,1
UPI000F0C8257,UniProtKB/TrEMBL,COX1,Mammuthus primigenius,37349,2023-06-28,1
UPI000F0C82E3,UniProtKB/TrEMBL,CYTB,Mammuthus primigenius,37349,2023-06-28,1
UPI000F0C8851,UniProtKB/TrEMBL,ND5,Mammuthus primigenius,37349,2023-06-28,1
UPI000F0C897E,UniProtKB/TrEMBL,ATP6,Mammuthus primigenius,37349,2023-06-28,1
UPI000F0C8AD2,UniProtKB/TrEMBL,ND4,Mammuthus primigenius,37349,2023-06-28,1
UPI000F0C8F50,UniProtKB/TrEMBL,ND1,Mammuthus primigenius,37349,2023-06-28,1
UPI000F0C94B9,UniProtKB/TrEMBL,COX1,Mammuthus primigenius,37349,2023-06-28,1
UPI000F0C9976,UniProtKB/TrEMBL,ATP6,Mammuthus primigenius,37349,2023-06-28,1
UPI000F0C9BA5,UniProtKB/TrEMBL,COX2,Mammuthus primigenius,37349,2023-06-28,1
UPI000F0C9C4D,UniProtKB/TrEMBL,COX3,Mammuthus primigenius,37349,2023-06-28,1
UPI000F0C9CD7,UniProtKB/TrEMBL,CYTB,Mammuthus primigenius,37349,2023-06-28,1
UPI000F0C9FD7,UniProtKB/TrEMBL,ND4L,Mammuthus primigenius,37349,2023-06-28,1
UPI000F0C9FFB,UniProtKB/TrEMBL,ND4L,Mammuthus primigenius,37349,2023-06-28,1
UPI000F0CA171,UniProtKB/TrEMBL,ND1,Mammuthus primigenius,37349,2023-06-28,1
UPI000F0CA235,UniProtKB/TrEMBL,COX1,Mammuthus primigenius,37349,2023-06-28,1
UPI000F0CA39D,UniProtKB/TrEMBL,ATP8,Mammuthus primigenius,37349,2023-06-28,1
UPI000F0CA653,UniProtKB/TrEMBL,ND4,Mammuthus primigenius,37349,2023-06-28,1
UPI000F0CABE7,UniProtKB/TrEMBL,ND1,Mammuthus primigenius,37349,2023-06-28,1
UPI000F0CAC59,UniProtKB/TrEMBL,ND1,Mammuthus primigenius,37349,2023-06-28,1
UPI000F0CAC6B,UniProtKB/TrEMBL,CYTB,Mammuthus primigenius,37349,2023-06-28,1
UPI000F0CAD52,UniProtKB/TrEMBL,COX1,Mammuthus primigenius,37349,2023-06-28,1
UPI000F0CB09B,UniProtKB/TrEMBL,COX1,Mammuthus primigenius,37349,2023-06-28,1
UPI000F0CB5B7,UniProtKB/TrEMBL,COX1,Mammuthus primigenius,37349,2023-06-28,1
UPI000F0CB675,UniProtKB/TrEMBL,COX3,Mammuthus primigenius,37349,2023-06-28,1
UPI000F0CBD94,UniProtKB/TrEMBL,ND6,Mammuthus primigenius,37349,2023-06-28,1
UPI000F0CBDA8,UniProtKB/TrEMBL,ND5,Mammuthus primigenius,37349,2023-06-28,1
UPI000F0CBF21,UniProtKB/TrEMBL,CYTB,Mammuthus primigenius,37349,2023-06-28,1
UPI000F0CC08D,UniProtKB/TrEMBL,COX3,Mammuthus primigenius,37349,2023-06-28,1
UPI000F0CC0A0,UniProtKB/TrEMBL,ND2,Mammuthus primigenius,37349,2023-06-28,1
UPI000F0CCD90,UniProtKB/TrEMBL,ND1,Mammuthus primigenius,37349,2023-06-28,1
UPI000F0CCF2E,UniProtKB/TrEMBL,CYTB,Mammuthus primigenius,37349,2023-06-28,1
UPI000F0CD2DC,UniProtKB/TrEMBL,ND4L,Mammuthus primigenius,37349,2023-06-28,1
UPI000F0CD634,UniProtKB/TrEMBL,ND4,Mammuthus primigenius,37349,2023-06-28,1
UPI000F0CE2B1,UniProtKB/TrEMBL,ND4,Mammuthus primigenius,37349,2023-06-28,1
UPI000F0CEA42,UniProtKB/TrEMBL,COX3,Mammuthus primigenius,37349,2023-06-28,1
UPI000F0CED3F,UniProtKB/TrEMBL,ND6,Mammuthus primigenius,37349,2023-06-28,1
UPI000F0CEE1D,UniProtKB/TrEMBL,ND6,Mammuthus primigenius,37349,2023-06-28,1
UPI000F0CEF4C,UniProtKB/TrEMBL,COX1,Mammuthus primigenius,37349,2023-06-28,1
UPI000F0CF71E,UniProtKB/TrEMBL,ATP6,Mammuthus primigenius,37349,2023-06-28,1
UPI000F0CF742,UniProtKB/TrEMBL,ND4,Mammuthus primigenius,37349,2023-06-28,1
UPI000F0CF746,UniProtKB/TrEMBL,COX3,Mammuthus primigenius,37349,2023-06-28,1
UPI000F0CF82A,UniProtKB/TrEMBL,CYTB,Mammuthus primigenius,37349,2023-06-28,1
UPI000F0CFB1B,UniProtKB/TrEMBL,ND5,Mammuthus primigenius,37349,2023-06-28,1
UPI000F0CFEAE,UniProtKB/TrEMBL,COX1,Mammuthus primigenius,37349,2023-06-28,1
UPI000F0D00D5,UniProtKB/TrEMBL,COX2,Mammuthus primigenius,37349,2023-06-28,1
UPI000F0D0343,UniProtKB/TrEMBL,COX1,Mammuthus primigenius,37349,2023-06-28,1
UPI000F0D0527,UniProtKB/TrEMBL,ND5,Mammuthus primigenius,37349,2023-06-28,1
UPI000F0D078A,UniProtKB/TrEMBL,ATP6,Mammuthus primigenius,37349,2023-06-28,1
UPI000F0D07F1,UniProtKB/TrEMBL,ND2,Mammuthus primigenius,37349,2023-06-28,1
UPI000F0D08D5,UniProtKB/TrEMBL,ND2,Mammuthus primigenius,37349,2023-06-28,1
UPI000F0D0A28,UniProtKB/TrEMBL,ND2,Mammuthus primigenius,37349,2023-06-28,1
UPI000F0D0FC2,UniProtKB/TrEMBL,CYTB,Mammuthus primigenius,37349,2023-06-28,1
UPI000F0D1317,UniProtKB/TrEMBL,ATP8,Mammuthus primigenius,37349,2023-06-28,1
UPI000F0D15F9,UniProtKB/TrEMBL,COX1,Mammuthus primigenius,37349,2023-06-28,1
UPI000F0D1823,UniProtKB/TrEMBL,ND2,Mammuthus primigenius,37349,2023-06-28,1
UPI000F0D1AD0,UniProtKB/TrEMBL,CYTB,Mammuthus primigenius,37349,2023-06-28,1
UPI0018A35282,UniProtKB/TrEMBL,COX3,Mammuthus primigenius,37349,2023-06-28,1
UPI0018A3B9A1,UniProtKB/TrEMBL,ND5,Mammuthus primigenius,37349,2021-06-02,1
UPI0018A41B9D,UniProtKB/TrEMBL,ND4,Mammuthus primigenius,37349,2023-06-28,1
UPI0018A54F72,UniProtKB/TrEMBL,CYTB,Mammuthus primigenius,37349,2021-06-02,1
UPI0018A59F0E,UniProtKB/TrEMBL,ND2,Mammuthus primigenius,37349,2023-06-28,1
UPI0018A5D2B7,UniProtKB/TrEMBL,COX1,Mammuthus primigenius,37349,2023-06-28,1
UPI0018A63342,UniProtKB/TrEMBL,ATP6,Mammuthus primigenius,37349,2023-06-28,1
UPI001BED4490,EMBL,ND3,Mammuthus primigenius,37349,2022-10-31,1
UPI001BED4D99,EMBL,COX2,Mammuthus primigenius,37349,2022-10-31,1
UPI001BED5D58,EMBL,COX1,Mammuthus primigenius,37349,2022-10-31,1
UPI001BED82C5,UniProtKB/TrEMBL,COX2,Mammuthus primigenius,37349,2023-06-28,1
UPI001BEDA88F,EMBL,ND2,Mammuthus primigenius,37349,2022-10-31,1
UPI001BEDC147,EMBL,CYTB,Mammuthus primigenius,37349,2022-10-31,1
UPI001BEDC356,EMBL,ND2,Mammuthus primigenius,37349,2022-10-31,1
UPI001BEDC39F,EMBL,ND5,Mammuthus primigenius,37349,2022-10-31,1
UPI001BEDD175,EMBL,COX3,Mammuthus primigenius,37349,2022-10-31,1
UPI001BEDDA3E,UniProtKB/TrEMBL,CYTB,Mammuthus primigenius,37349,2023-06-28,2
UPI001BEDEF49,EMBL,ND4L,Mammuthus primigenius,37349,2022-10-31,1
UPI001BEDFB8D,EMBL,ND4,Mammuthus primigenius,37349,2022-10-31,1
UPI001BEDFCD7,EMBL,ND1,Mammuthus primigenius,37349,2022-10-31,1
UPI001BEE0AF2,EMBL,ND4,Mammuthus primigenius,37349,2022-10-31,1
UPI001BEE1171,EMBL,ND4,Mammuthus primigenius,37349,2022-10-31,1
UPI001BEE13D1,EMBL,COX3,Mammuthus primigenius,37349,2022-10-31,1
UPI001BEE1755,EMBL,ND2,Mammuthus primigenius,37349,2022-10-31,1
UPI001BEE23CC,EMBL,ND1,Mammuthus primigenius,37349,2022-10-31,1
UPI001BEE2823,EMBL,ND4L,Mammuthus primigenius,37349,2022-10-31,1
UPI001BEE2E67,EMBL,COX1,Mammuthus primigenius,37349,2022-10-31,1
UPI001BEE3B8B,EMBL,CYTB,Mammuthus primigenius,37349,2022-10-31,1
UPI001BEE3C35,EMBL,COX3,Mammuthus primigenius,37349,2022-10-31,1
UPI001BEE4E14,EMBL,CYTB,Mammuthus primigenius,37349,2022-10-31,1
UPI001BEE661A,EMBL,COX1,Mammuthus primigenius,37349,2022-10-31,1
UPI001BEE67D1,EMBL,ATP6,Mammuthus primigenius,37349,2022-10-31,1
UPI001BEE78C8,EMBL,CYTB,Mammuthus primigenius,37349,2022-10-31,1
UPI001BEE8997,EMBL,ND2,Mammuthus primigenius,37349,2022-10-31,1
UPI001BEE8C78,EMBL,ND4,Mammuthus primigenius,37349,2022-10-31,1
UPI001BEE9675,EMBL,CYTB,Mammuthus primigenius,37349,2022-10-31,1
UPI001BEE96CE,EMBL,COX1,Mammuthus primigenius,37349,2022-10-31,1
UPI001BEEA046,EMBL,CYTB,Mammuthus primigenius,37349,2022-10-31,1
UPI001BEEA8C1,EMBL,COX1,Mammuthus primigenius,37349,2022-10-31,1
UPI001BEEA976,EMBL,ND2,Mammuthus primigenius,37349,2022-10-31,1
UPI001BEEADFB,EMBL,ND4,Mammuthus primigenius,37349,2022-10-31,1
UPI001BEEB8E6,EMBL,COX2,Mammuthus primigenius,37349,2022-10-31,1
UPI001BEEBDFE,EMBL,ND1,Mammuthus primigenius,37349,2022-10-31,1
UPI001BEEC14D,EMBL,ND1,Mammuthus primigenius,37349,2022-10-31,1
UPI001BEECEF9,EMBL,COX2,Mammuthus primigenius,37349,2022-10-31,1
UPI001BEED633,EMBL,ND2,Mammuthus primigenius,37349,2022-10-31,1
UPI001BEEDB61,EMBL,ATP6,Mammuthus primigenius,37349,2022-10-31,1
UPI001BEEDF31,EMBL,COX1,Mammuthus primigenius,37349,2022-10-31,1
UPI001BEEF58E,EMBL,ND1,Mammuthus primigenius,37349,2022-10-31,1
UPI001BEEF9D0,EMBL,ATP6,Mammuthus primigenius,37349,2022-10-31,1
UPI001BEF084B,EMBL,ND6,Mammuthus primigenius,37349,2022-10-31,1
UPI001BEF27F0,EMBL,COX1,Mammuthus primigenius,37349,2022-10-31,1
UPI001BEF2AD0,EMBL,ND4,Mammuthus primigenius,37349,2022-10-31,1
UPI001BEF3110,EMBL,ND3,Mammuthus primigenius,37349,2022-10-31,1
UPI001BEF35C9,EMBL,ND5,Mammuthus primigenius,37349,2022-10-31,1
UPI001BEF4840,UniProtKB/TrEMBL,ND3,Mammuthus primigenius,37349,2023-06-28,1
UPI001BEF6453,EMBL,ND6,Mammuthus primigenius,37349,2022-10-31,1
UPI001BEF71FC,EMBL,ATP6,Mammuthus primigenius,37349,2022-10-31,1
UPI001BEF7316,EMBL,COX3,Mammuthus primigenius,37349,2022-10-31,1
UPI001BEF8AE2,EMBL,COX2,Mammuthus primigenius,37349,2022-10-31,1
UPI001BEF8E70,EMBL,ND6,Mammuthus primigenius,37349,2022-10-31,1
UPI001BEF91F2,EMBL,ND3,Mammuthus primigenius,37349,2022-10-31,1
UPI001BEFC7FE,EMBL,COX3,Mammuthus primigenius,37349,2022-10-31,1
UPI001BEFCB14,EMBL,ATP6,Mammuthus primigenius,37349,2022-10-31,1
UPI001BEFE267,EMBL,ATP6,Mammuthus primigenius,37349,2022-10-31,1
UPI001BEFECC2,EMBL,CYTB,Mammuthus primigenius,37349,2022-10-31,1
UPI001BEFF3DC,EMBL,ND4,Mammuthus primigenius,37349,2022-10-31,1
UPI001BEFF937,EMBL,ND2,Mammuthus primigenius,37349,2022-10-31,1
UPI001BEFFB6E,EMBL,ND2,Mammuthus primigenius,37349,2022-10-31,1
UPI001BF0152B,EMBL,ND5,Mammuthus primigenius,37349,2022-10-31,1
UPI001BF01706,EMBL,ND1,Mammuthus primigenius,37349,2022-10-31,1
UPI001BF01935,EMBL,ND5,Mammuthus primigenius,37349,2022-10-31,1
UPI001BF019C8,EMBL,ATP6,Mammuthus primigenius,37349,2022-10-31,1
UPI001BF03111,EMBL,CYTB,Mammuthus primigenius,37349,2022-10-31,1
UPI001BF03C2D,EMBL,ATP6,Mammuthus primigenius,37349,2022-10-31,1
UPI001BF03C4C,EMBL,ND1,Mammuthus primigenius,37349,2022-10-31,1
UPI001BF0423E,EMBL,ND5,Mammuthus primigenius,37349,2022-10-31,1
UPI001BF044B2,UniProtKB/TrEMBL,ND6,Mammuthus primigenius,37349,2023-06-28,1
UPI001BF0663B,EMBL,ND4L,Mammuthus primigenius,37349,2022-10-31,1
UPI001BF06ACD,EMBL,ND4,Mammuthus primigenius,37349,2022-10-31,1
UPI001BF06FB1,EMBL,COX3,Mammuthus primigenius,37349,2022-10-31,1
UPI001BF06FD7,EMBL,ND1,Mammuthus primigenius,37349,2022-10-31,1
UPI001BF0796C,EMBL,ATP8,Mammuthus primigenius,37349,2022-10-31,1
UPI001BF07BA8,EMBL,ND6,Mammuthus primigenius,37349,2022-10-31,1
UPI001BF07BD5,EMBL,COX1,Mammuthus primigenius,37349,2022-10-31,1
UPI001BF0C455,EMBL,ND5,Mammuthus primigenius,37349,2022-10-31,1
UPI001BF0C5D8,EMBL,ATP8,Mammuthus primigenius,37349,2022-10-31,1
UPI001BF0CBC4,EMBL,COX1,Mammuthus primigenius,37349,2022-10-31,1
UPI001BF0D3AA,EMBL,ND5,Mammuthus primigenius,37349,2022-10-31,1
UPI001BF0E535,EMBL,ND4L,Mammuthus primigenius,37349,2022-10-31,1
UPI001BF0EE81,EMBL,ATP8,Mammuthus primigenius,37349,2022-10-31,1
UPI001BF0FFCD,EMBL,ND3,Mammuthus primigenius,37349,2022-10-31,1
UPI001BF1027B,EMBL,ND5,Mammuthus primigenius,37349,2022-10-31,1
UPI001BF10D18,EMBL,COX1,Mammuthus primigenius,37349,2022-10-31,1
UPI001BF11AE0,EMBL,ND3,Mammuthus primigenius,37349,2022-10-31,1
UPI001BF11C77,EMBL,COX2,Mammuthus primigenius,37349,2022-10-31,1
UPI001BF12EFA,EMBL,COX2,Mammuthus primigenius,37349,2022-10-31,1
UPI001BF13106,EMBL,CYTB,Mammuthus primigenius,37349,2022-10-31,1
UPI001BF14350,EMBL,ND5,Mammuthus primigenius,37349,2022-10-31,1
UPI001BF1458E,UniProtKB/TrEMBL,ND5,Mammuthus primigenius,37349,2023-06-28,2
UPI001BF15422,EMBL,COX2,Mammuthus primigenius,37349,2022-10-31,1
UPI001BF157EA,EMBL,ND4,Mammuthus primigenius,37349,2022-10-31,1
UPI001BF15E08,EMBL,ND6,Mammuthus primigenius,37349,2022-10-31,1
UPI001BF15FB0,EMBL,ND6,Mammuthus primigenius,37349,2022-10-31,1
UPI001BF172E7,EMBL,ND6,Mammuthus primigenius,37349,2022-10-31,1
UPI001BF176D3,EMBL,ND4L,Mammuthus primigenius,37349,2022-10-31,1
UPI001BF17860,EMBL,COX3,Mammuthus primigenius,37349,2022-10-31,1
UPI001BF17BB1,EMBL,ND1,Mammuthus primigenius,37349,2022-10-31,1
UPI001BF18456,EMBL,ND2,Mammuthus primigenius,37349,2022-10-31,1
UPI001E770716,EMBL,COX3,Mammuthus primigenius,37349,2022-10-31,1
UPI001E7D7170,EMBL,COX2,Mammuthus primigenius,37349,2022-10-31,1
